event_id,timestamp,airline,flight_number,aircraft_model,aircraft_type,origin,destination,latitude,longitude,city,country,fatalities,injuries,damage,cause
EVT000001,2020-06-22T19:04:00,NorthernFlights,NO4880,Boeing 747,Jet,London,Cairo,38.92515,-75.36834,Sao Paulo,Canada,0,0,Unknown,Unknown
EVT000002,2020-08-11T14:04:00,TransContinental,TR6106,Airbus A320,Jet,Sydney,New York,10.56098,-144.00425,Berlin,China,0,0,Minor,Mid-air collision
EVT000003,2016-11-11T10:57:00,AeroExpress,AE1588,Airbus A320,Jet,New York,Paris,-52.27421,-23.42081,Sydney,India,0,0,Major,Weather
EVT000004,2017-04-17T23:06:00,NorthernFlights,NO8325,Airbus A320,Jet,Beijing,Mumbai,54.18367,-99.10524,Sao Paulo,Egypt,0,0,Major,Runway excursion
EVT000005,2015-05-26T04:17:00,AeroExpress,AE6834,Boeing 737,Jet,Paris,Sao Paulo,-46.61165,32.0108,New York,France,0,0,Major,Unknown
EVT000006,2015-02-12T12:23:00,IslandAir,IS7283,Embraer 190,Turboprop,Sao Paulo,Sydney,-12.35485,176.70414,Mumbai,Canada,5,1,Minor,Weather
EVT000007,2019-08-27T02:18:00,GlobalAir,GL4839,Boeing 747,Jet,Toronto,Sydney,-13.92207,-92.54627,Sydney,Canada,0,0,Major,Bird strike
EVT000008,2020-01-16T19:10:00,IslandAir,IS157,Boeing 737,Jet,Sao Paulo,Cairo,18.77693,8.138,New York,Canada,0,0,Hull Loss,Unknown
EVT000009,2016-06-05T08:27:00,NorthernFlights,NO5000,Embraer 190,Turboprop,London,Beijing,-36.93353,-44.60898,Toronto,Egypt,0,0,Unknown,Runway excursion
EVT000010,2019-10-24T22:27:00,IslandAir,IS4664,Airbus A320,Jet,Mumbai,Sao Paulo,-3.53688,-161.12407,New York,Brazil,0,0,Minor,Unknown
EVT000011,2019-01-05T21:24:00,IslandAir,IS849,Bombardier Q400,Turboprop,Berlin,Beijing,28.64192,119.26113,Paris,Canada,0,0,Unknown,Runway excursion
EVT000012,2016-11-01T21:26:00,IslandAir,IS6804,Bombardier Q400,Turboprop,New York,Mumbai,43.6582,75.34124,Cairo,Australia,0,0,Major,Pilot error
EVT000013,2016-07-11T10:34:00,GlobalAir,GL6638,Airbus A330,Jet,New York,Paris,32.37881,148.0517,London,France,0,0,Unknown,Engine failure
EVT000014,2018-08-01T07:21:00,SkyWays,SK8772,Airbus A330,Jet,London,New York,29.64259,-136.01849,London,Brazil,0,0,Unknown,Weather
EVT000015,2016-01-07T12:41:00,TransContinental,TR7859,Embraer 190,Turboprop,New York,Mumbai,-43.02544,-20.9496,Berlin,Egypt,2,0,Unknown,Bird strike
EVT000016,2018-07-05T06:14:00,SkyWays,SK7177,Bombardier Q400,Turboprop,Toronto,Sao Paulo,55.10952,-60.96144,Cairo,China,0,0,Hull Loss,Engine failure
EVT000017,2015-12-03T10:17:00,IslandAir,IS4281,Bombardier Q400,Turboprop,Toronto,Cairo,20.53246,-11.13503,Paris,France,3,0,Minor,Unknown
EVT000018,2016-12-25T21:31:00,TransContinental,TR6218,Bombardier Q400,Turboprop,New York,Sydney,-25.74366,-105.11012,Sydney,India,0,0,Major,Pilot error
EVT000019,2016-07-18T11:22:00,GlobalAir,GL7007,Airbus A330,Jet,Toronto,Paris,29.0598,48.48961,Sao Paulo,Egypt,0,0,Unknown,Engine failure
EVT000020,2016-05-30T15:07:00,GlobalAir,GL5416,Airbus A330,Jet,Berlin,Sydney,-18.27642,35.60876,Paris,Canada,0,0,Hull Loss,Bird strike
EVT000021,2019-11-27T21:21:00,IslandAir,IS2813,Airbus A330,Jet,Cairo,London,-40.12045,4.20525,Cairo,Australia,0,0,Major,Pilot error
EVT000022,2020-12-17T06:43:00,NorthernFlights,NO834,Boeing 737,Jet,Sao Paulo,Toronto,-59.34965,89.49336,Mumbai,France,0,0,Hull Loss,Engine failure
EVT000023,2015-09-01T03:00:00,SkyWays,SK7267,Bombardier Q400,Turboprop,Sydney,Beijing,46.29269,163.54487,Paris,UK,0,0,Hull Loss,Unknown
EVT000024,2015-05-02T05:16:00,TransContinental,TR1951,Boeing 737,Jet,Paris,Berlin,52.58596,-97.6093,Sydney,Canada,0,0,Minor,Mid-air collision
EVT000025,2016-03-03T00:22:00,IslandAir,IS8685,Embraer 190,Turboprop,Cairo,Sydney,25.31102,19.78637,Beijing,USA,0,0,Unknown,Weather
EVT000026,2017-10-21T12:43:00,NorthernFlights,NO6814,Bombardier Q400,Turboprop,Paris,Sydney,50.24396,138.68591,Mumbai,Australia,0,0,Hull Loss,Unknown
EVT000027,2019-08-19T05:41:00,IslandAir,IS1275,Boeing 747,Jet,Sydney,Sao Paulo,-32.87104,148.62184,Toronto,Brazil,4,2,Minor,Unknown
EVT000028,2018-09-28T22:08:00,NorthernFlights,NO2384,Embraer 190,Turboprop,Berlin,Paris,51.7773,-23.72378,Sao Paulo,Germany,0,0,Hull Loss,Unknown
EVT000029,2016-08-09T22:33:00,IslandAir,IS5388,Embraer 190,Turboprop,Berlin,Paris,-37.26309,106.64208,Sao Paulo,Germany,2,1,Unknown,Engine failure
EVT000030,2020-07-19T13:20:00,AeroExpress,AE3406,Bombardier Q400,Turboprop,London,New York,32.47348,127.04267,Paris,Egypt,0,0,Major,Unknown
EVT000031,2015-03-29T18:51:00,NorthernFlights,NO4210,Airbus A320,Jet,Mumbai,Beijing,15.58748,99.70292,Sydney,Brazil,0,0,Hull Loss,Runway excursion
EVT000032,2018-07-28T15:27:00,SkyWays,SK2219,Boeing 737,Jet,Cairo,Paris,15.43753,23.34314,Sao Paulo,India,3,0,Unknown,Runway excursion
EVT000033,2018-05-09T09:49:00,AeroExpress,AE7212,Bombardier Q400,Turboprop,Mumbai,Sydney,-39.77688,18.96059,Beijing,Egypt,0,0,Major,Weather
EVT000034,2015-10-21T15:30:00,AeroExpress,AE6528,Boeing 747,Jet,Paris,London,-48.98448,36.44792,London,UK,0,0,Major,Runway excursion
EVT000035,2020-12-11T08:52:00,AeroExpress,AE3037,Bombardier Q400,Turboprop,Cairo,New York,-12.2642,103.52985,Beijing,Germany,0,0,Hull Loss,Engine failure
EVT000036,2019-04-25T07:25:00,AeroExpress,AE8670,Boeing 747,Jet,Paris,Toronto,28.95012,-78.46773,Mumbai,Egypt,0,0,Minor,Unknown
EVT000037,2015-03-07T06:48:00,TransContinental,TR5566,Boeing 737,Jet,Paris,Beijing,35.66591,179.21727,Beijing,Egypt,0,0,Major,Weather
EVT000038,2017-02-13T21:05:00,NorthernFlights,NO9284,Airbus A320,Jet,Mumbai,London,46.58844,17.29728,Toronto,UK,0,0,Unknown,Weather
EVT000039,2017-03-27T03:20:00,AeroExpress,AE3438,Bombardier Q400,Turboprop,Mumbai,Cairo,-37.79002,106.62798,Sao Paulo,Canada,0,0,Major,Runway excursion
EVT000040,2020-02-26T11:03:00,AeroExpress,AE1641,Embraer 190,Turboprop,Berlin,Sydney,35.88204,-99.70767,Sydney,France,0,0,Unknown,Engine failure
EVT000041,2016-01-01T14:41:00,SkyWays,SK794,Boeing 747,Jet,Paris,Sao Paulo,-51.22717,140.45224,Paris,UK,0,0,Hull Loss,Pilot error
EVT000042,2019-07-08T14:14:00,TransContinental,TR5764,Airbus A320,Jet,Paris,New York,-46.88914,56.38882,Sao Paulo,Brazil,0,0,Unknown,Unknown
EVT000043,2017-03-11T17:46:00,TransContinental,TR1708,Airbus A320,Jet,Mumbai,Toronto,58.1874,-3.36279,New York,Brazil,0,0,Hull Loss,Runway excursion
EVT000044,2019-03-29T04:55:00,TransContinental,TR1771,Boeing 737,Jet,Paris,Beijing,13.98406,-134.19449,New York,China,0,1,Unknown,Bird strike
EVT000045,2016-08-02T08:36:00,SkyWays,SK6118,Boeing 737,Jet,Cairo,Toronto,33.72565,-105.93138,Mumbai,UK,0,0,Unknown,Weather
EVT000046,2017-07-12T00:16:00,SkyWays,SK3556,Boeing 747,Jet,Sydney,New York,-41.7963,107.96394,Berlin,Egypt,0,0,Major,Mid-air collision
EVT000047,2015-09-02T07:40:00,IslandAir,IS2097,Bombardier Q400,Turboprop,Toronto,Mumbai,30.20724,-140.10989,London,USA,1,1,Major,Weather
EVT000048,2015-11-27T23:10:00,TransContinental,TR1469,Boeing 737,Jet,Cairo,London,51.32667,-5.77827,Sydney,Egypt,0,0,Major,Engine failure
EVT000049,2018-09-27T08:50:00,AeroExpress,AE1466,Embraer 190,Turboprop,Sydney,London,-43.4185,16.26492,Paris,USA,0,0,Unknown,Unknown
EVT000050,2017-03-21T11:35:00,IslandAir,IS8537,Airbus A330,Jet,Paris,New York,54.01819,-158.77022,London,Australia,0,0,Major,Unknown
EVT000051,2019-04-04T14:41:00,IslandAir,IS9377,Airbus A330,Jet,New York,Sydney,42.39062,65.40746,Berlin,India,0,0,Minor,Runway excursion
EVT000052,2018-02-10T04:18:00,SkyWays,SK4967,Airbus A330,Jet,Sydney,Cairo,4.22237,-176.49124,Sao Paulo,Brazil,0,0,Major,Weather
EVT000053,2017-12-28T08:50:00,AeroExpress,AE2337,Boeing 747,Jet,Paris,New York,28.79866,55.84161,Sao Paulo,Brazil,3,2,Major,Weather
EVT000054,2018-05-02T10:04:00,AeroExpress,AE5853,Boeing 747,Jet,Sao Paulo,Mumbai,-6.01525,159.09946,London,Canada,0,0,Minor,Bird strike
EVT000055,2018-08-13T03:17:00,TransContinental,TR2553,Boeing 747,Jet,Sao Paulo,Mumbai,-3.14526,39.02566,Cairo,Egypt,2,2,Minor,Weather
EVT000056,2020-05-31T16:54:00,IslandAir,IS3686,Boeing 747,Jet,Paris,New York,0.88908,47.69869,New York,Germany,0,0,Major,Pilot error
EVT000057,2015-01-28T08:23:00,GlobalAir,GL5028,Embraer 190,Turboprop,Paris,Cairo,-33.89944,54.9093,Sydney,Canada,0,0,Major,Runway excursion
EVT000058,2019-04-05T19:26:00,NorthernFlights,NO8710,Airbus A330,Jet,Cairo,Toronto,-44.25998,127.69311,Paris,India,0,0,Hull Loss,Engine failure
EVT000059,2019-11-25T02:54:00,NorthernFlights,NO6894,Airbus A320,Jet,Sydney,Mumbai,-48.71979,-93.13597,Cairo,China,0,0,Unknown,Runway excursion
EVT000060,2019-05-13T15:54:00,AeroExpress,AE9712,Airbus A330,Jet,Toronto,Sydney,14.15343,-28.2757,Mumbai,Germany,0,0,Hull Loss,Unknown
EVT000061,2016-04-17T11:37:00,TransContinental,TR1266,Airbus A330,Jet,Toronto,Paris,30.19617,-46.29517,London,UK,0,0,Hull Loss,Runway excursion
EVT000062,2018-08-04T00:14:00,NorthernFlights,NO109,Airbus A320,Jet,Toronto,Berlin,-50.01377,51.88222,Beijing,USA,0,0,Minor,Runway excursion
EVT000063,2016-12-08T15:43:00,SkyWays,SK4190,Embraer 190,Turboprop,Beijing,London,5.74771,5.26699,Paris,UK,0,0,Hull Loss,Pilot error
EVT000064,2018-09-07T13:20:00,AeroExpress,AE827,Boeing 747,Jet,Beijing,Berlin,-12.6235,-66.74325,Beijing,UK,2,0,Hull Loss,Bird strike
EVT000065,2018-06-07T01:04:00,GlobalAir,GL4867,Bombardier Q400,Turboprop,Sydney,Toronto,1.01554,-35.1677,Mumbai,Brazil,0,1,Unknown,Mid-air collision
EVT000066,2018-08-05T08:55:00,NorthernFlights,NO9514,Airbus A330,Jet,London,Sao Paulo,-22.67621,-77.3742,Paris,USA,0,0,Hull Loss,Bird strike
EVT000067,2019-06-24T20:53:00,GlobalAir,GL7320,Embraer 190,Turboprop,Cairo,London,28.46643,-130.18105,Paris,Germany,2,0,Unknown,Weather
EVT000068,2017-08-20T20:44:00,NorthernFlights,NO1128,Airbus A320,Jet,Paris,London,20.93332,-16.87944,Mumbai,UK,0,0,Unknown,Weather
EVT000069,2016-05-04T06:00:00,GlobalAir,GL5663,Airbus A320,Jet,New York,Sydney,-23.55478,-177.73924,New York,Germany,1,0,Major,Runway excursion
EVT000070,2020-09-10T17:01:00,NorthernFlights,NO4185,Boeing 737,Jet,Cairo,Beijing,-15.83881,-44.83485,Berlin,Brazil,0,0,Unknown,Weather
EVT000071,2015-02-15T08:39:00,SkyWays,SK3552,Boeing 737,Jet,Beijing,Paris,24.69694,-122.77528,Berlin,Brazil,0,0,Unknown,Runway excursion
EVT000072,2018-03-14T18:26:00,NorthernFlights,NO1572,Airbus A320,Jet,Sao Paulo,Toronto,-14.78018,113.47579,Beijing,USA,2,1,Unknown,Pilot error
EVT000073,2020-07-23T17:43:00,SkyWays,SK1413,Airbus A330,Jet,Sao Paulo,Mumbai,-2.85868,-68.83043,Berlin,Australia,0,0,Minor,Bird strike
EVT000074,2019-12-02T15:30:00,TransContinental,TR1560,Airbus A330,Jet,New York,Mumbai,44.52165,95.01757,Sydney,India,0,0,Unknown,Unknown
EVT000075,2015-07-29T00:19:00,IslandAir,IS1785,Boeing 737,Jet,Cairo,Sao Paulo,5.64472,-82.03375,London,India,0,0,Minor,Runway excursion
EVT000076,2019-03-10T00:48:00,GlobalAir,GL6275,Boeing 737,Jet,Paris,Sydney,43.82638,-9.58826,Toronto,India,1,2,Hull Loss,Pilot error
EVT000077,2019-08-11T23:43:00,TransContinental,TR8581,Airbus A320,Jet,Mumbai,Toronto,49.49649,155.00167,Cairo,Brazil,0,0,Hull Loss,Pilot error
EVT000078,2019-10-26T04:47:00,IslandAir,IS7984,Airbus A320,Jet,Sao Paulo,Mumbai,-44.8407,-178.56912,London,UK,0,0,Hull Loss,Mid-air collision
EVT000079,2018-04-07T03:50:00,AeroExpress,AE4476,Bombardier Q400,Turboprop,Paris,New York,-9.34295,-49.72561,Toronto,Canada,2,2,Minor,Weather
EVT000080,2019-11-04T07:54:00,IslandAir,IS1932,Bombardier Q400,Turboprop,Toronto,Sao Paulo,-17.68814,-125.88804,Beijing,India,0,0,Unknown,Runway excursion
EVT000081,2019-04-09T22:22:00,NorthernFlights,NO858,Embraer 190,Turboprop,Mumbai,Sao Paulo,40.34741,50.57708,Cairo,Germany,0,0,Hull Loss,Mid-air collision
EVT000082,2019-06-06T12:00:00,AeroExpress,AE8504,Boeing 747,Jet,London,Sydney,10.05538,-164.0237,Paris,Germany,0,0,Unknown,Pilot error
EVT000083,2017-04-07T03:22:00,NorthernFlights,NO8947,Airbus A330,Jet,London,Mumbai,-15.82963,-93.78184,Mumbai,Australia,0,0,Major,Unknown
EVT000084,2019-03-05T18:34:00,TransContinental,TR8949,Airbus A320,Jet,Sao Paulo,Mumbai,41.57446,-124.16013,Mumbai,Canada,0,0,Major,Unknown
EVT000085,2020-08-26T09:52:00,IslandAir,IS1766,Embraer 190,Turboprop,Sydney,Mumbai,-33.71019,145.31194,Mumbai,UK,0,0,Major,Bird strike
EVT000086,2019-07-13T23:33:00,GlobalAir,GL2184,Bombardier Q400,Turboprop,Mumbai,Berlin,-21.22098,105.21933,New York,China,0,0,Minor,Engine failure
EVT000087,2019-01-30T23:23:00,GlobalAir,GL5157,Airbus A320,Jet,Sydney,Mumbai,-39.52946,140.43327,Paris,China,1,0,Hull Loss,Pilot error
EVT000088,2017-04-14T06:17:00,IslandAir,IS1949,Boeing 747,Jet,Berlin,New York,29.61699,-56.69474,New York,Egypt,0,0,Hull Loss,Pilot error
EVT000089,2017-09-12T00:31:00,NorthernFlights,NO9619,Embraer 190,Turboprop,Sydney,Berlin,-12.22001,78.02253,Berlin,Australia,0,0,Unknown,Mid-air collision
EVT000090,2019-09-11T18:08:00,NorthernFlights,NO2586,Airbus A330,Jet,Berlin,Cairo,10.47477,-84.16415,Sydney,USA,3,1,Minor,Engine failure
EVT000091,2020-10-05T20:05:00,TransContinental,TR9574,Boeing 737,Jet,Cairo,Sydney,56.67821,130.69939,Cairo,China,0,0,Minor,Pilot error
EVT000092,2015-10-13T14:17:00,TransContinental,TR7803,Bombardier Q400,Turboprop,Mumbai,Sao Paulo,-24.07646,-72.56893,Toronto,Brazil,0,0,Minor,Bird strike
EVT000093,2017-06-22T11:07:00,AeroExpress,AE4345,Bombardier Q400,Turboprop,Paris,Cairo,36.47831,17.68188,Sydney,UK,0,0,Minor,Mid-air collision
EVT000094,2020-03-14T11:00:00,GlobalAir,GL1419,Boeing 737,Jet,Paris,Cairo,-43.7865,109.80471,Berlin,Australia,0,0,Major,Pilot error
EVT000095,2020-07-02T14:01:00,TransContinental,TR9642,Airbus A320,Jet,Paris,Cairo,4.96075,117.95177,Mumbai,UK,4,2,Minor,Engine failure
EVT000096,2015-01-15T19:10:00,AeroExpress,AE6866,Bombardier Q400,Turboprop,London,Paris,37.44282,-136.24761,Paris,Brazil,0,0,Hull Loss,Weather
EVT000097,2020-02-12T13:40:00,AeroExpress,AE146,Bombardier Q400,Turboprop,Berlin,Paris,-51.94421,-30.82635,Cairo,Egypt,0,0,Major,Engine failure
EVT000098,2020-09-05T17:38:00,SkyWays,SK4841,Boeing 747,Jet,Beijing,Mumbai,19.51907,-56.50167,London,UK,0,0,Minor,Weather
EVT000099,2016-03-19T11:10:00,IslandAir,IS894,Boeing 747,Jet,Berlin,Sydney,-37.55346,115.99904,Cairo,USA,0,0,Unknown,Engine failure
EVT000100,2020-10-20T09:07:00,IslandAir,IS3594,Bombardier Q400,Turboprop,Sao Paulo,Beijing,-40.76583,10.6086,Sydney,France,1,1,Minor,Engine failure
EVT000101,2018-06-09T03:51:00,AeroExpress,AE7523,Bombardier Q400,Turboprop,Cairo,Beijing,-3.04316,-67.62418,Sao Paulo,Brazil,0,0,Unknown,Pilot error
EVT000102,2020-10-14T04:26:00,GlobalAir,GL3130,Bombardier Q400,Turboprop,Paris,London,12.43762,29.21343,London,China,0,0,Hull Loss,Engine failure
EVT000103,2016-01-24T06:19:00,IslandAir,IS5446,Embraer 190,Turboprop,Toronto,Sao Paulo,39.44095,126.17353,New York,USA,0,0,Hull Loss,Runway excursion
EVT000104,2019-12-13T10:42:00,TransContinental,TR9789,Embraer 190,Turboprop,Sao Paulo,New York,-14.01561,0.13082,Sydney,India,0,0,Minor,Unknown
EVT000105,2019-09-17T00:18:00,AeroExpress,AE2202,Airbus A320,Jet,Berlin,Paris,-20.86944,28.77796,Toronto,Egypt,0,0,Minor,Bird strike
EVT000106,2016-02-23T07:45:00,IslandAir,IS9499,Boeing 737,Jet,Beijing,Cairo,-57.68887,142.33357,Sydney,Germany,0,0,Hull Loss,Pilot error
EVT000107,2016-08-25T02:11:00,SkyWays,SK8587,Boeing 737,Jet,London,Mumbai,8.13414,175.68607,Beijing,Germany,0,0,Minor,Runway excursion
EVT000108,2018-03-26T23:51:00,GlobalAir,GL7944,Airbus A320,Jet,Berlin,Sao Paulo,53.10895,140.17343,Cairo,Canada,0,0,Hull Loss,Mid-air collision
EVT000109,2018-10-03T04:48:00,TransContinental,TR6352,Boeing 747,Jet,Beijing,Paris,-33.73613,82.25739,Paris,China,0,0,Major,Engine failure
EVT000110,2015-08-07T20:35:00,IslandAir,IS8148,Embraer 190,Turboprop,Paris,Berlin,-13.53546,125.62789,London,India,0,0,Hull Loss,Bird strike
EVT000111,2018-11-29T13:57:00,AeroExpress,AE3779,Airbus A330,Jet,Cairo,Mumbai,-12.11585,-17.99013,Toronto,USA,0,1,Major,Mid-air collision
EVT000112,2019-01-17T01:13:00,GlobalAir,GL4074,Embraer 190,Turboprop,Toronto,Cairo,-35.7357,-170.66786,Mumbai,UK,0,0,Unknown,Pilot error
EVT000113,2018-01-22T23:25:00,TransContinental,TR3770,Boeing 737,Jet,London,Paris,-9.63413,-163.19131,London,Egypt,0,0,Major,Pilot error
EVT000114,2020-02-22T13:27:00,TransContinental,TR7494,Bombardier Q400,Turboprop,London,Berlin,-39.89709,-0.36505,Beijing,Germany,0,0,Major,Weather
EVT000115,2016-01-20T16:32:00,IslandAir,IS6710,Airbus A320,Jet,Toronto,Sao Paulo,54.12646,-95.58163,Sydney,India,0,0,Minor,Runway excursion
EVT000116,2015-06-11T23:07:00,SkyWays,SK1364,Bombardier Q400,Turboprop,Beijing,Cairo,39.84425,150.36808,Toronto,China,0,0,Major,Pilot error
EVT000117,2018-11-10T18:36:00,TransContinental,TR7064,Airbus A330,Jet,Sydney,London,-30.59809,39.05151,Berlin,France,0,0,Major,Bird strike
EVT000118,2018-10-01T10:47:00,SkyWays,SK9443,Airbus A320,Jet,Sao Paulo,Cairo,22.62193,-117.61595,Sydney,China,0,0,Hull Loss,Weather
EVT000119,2020-10-26T22:39:00,AeroExpress,AE6050,Airbus A330,Jet,Paris,Sao Paulo,58.98152,73.08672,Paris,France,4,1,Unknown,Pilot error
EVT000120,2015-02-18T15:37:00,SkyWays,SK4536,Bombardier Q400,Turboprop,Toronto,Cairo,49.12764,-118.84481,Sydney,UK,0,1,Hull Loss,Runway excursion
EVT000121,2018-02-13T00:13:00,NorthernFlights,NO1608,Airbus A320,Jet,Berlin,New York,19.84922,-159.02927,Mumbai,Germany,0,0,Hull Loss,Mid-air collision
EVT000122,2019-06-06T08:14:00,NorthernFlights,NO6392,Bombardier Q400,Turboprop,Mumbai,Cairo,45.32549,-3.37567,Toronto,Germany,0,0,Hull Loss,Weather
EVT000123,2019-09-12T23:42:00,AeroExpress,AE5516,Airbus A320,Jet,Cairo,Mumbai,22.26101,142.86783,London,Egypt,2,0,Hull Loss,Engine failure
EVT000124,2020-07-09T19:00:00,AeroExpress,AE5883,Airbus A330,Jet,Sao Paulo,Paris,-21.20801,83.64306,Mumbai,Australia,0,0,Major,Bird strike
EVT000125,2018-02-17T05:14:00,GlobalAir,GL9237,Boeing 747,Jet,Sydney,Paris,15.52634,169.76699,Mumbai,Canada,10,0,Hull Loss,Unknown
EVT000126,2017-04-05T15:49:00,NorthernFlights,NO6826,Airbus A330,Jet,Toronto,Sydney,-2.04996,-54.43046,London,China,0,0,Hull Loss,Mid-air collision
EVT000127,2018-04-17T23:30:00,SkyWays,SK1952,Boeing 737,Jet,New York,Sao Paulo,31.78685,-156.43139,Beijing,France,0,0,Unknown,Mid-air collision
EVT000128,2018-06-05T00:41:00,GlobalAir,GL3857,Airbus A320,Jet,Sao Paulo,Mumbai,-43.66577,-110.89909,Mumbai,China,0,0,Minor,Engine failure
EVT000129,2016-06-09T14:41:00,IslandAir,IS1874,Bombardier Q400,Turboprop,London,New York,-14.06166,112.03454,London,UK,0,0,Unknown,Mid-air collision
EVT000130,2020-04-13T19:12:00,NorthernFlights,NO2408,Embraer 190,Turboprop,London,Cairo,58.45763,-115.98106,New York,Brazil,0,0,Major,Unknown
EVT000131,2017-02-28T12:58:00,TransContinental,TR3322,Airbus A320,Jet,New York,London,-34.84692,-57.9149,London,Brazil,1,0,Major,Runway excursion
EVT000132,2019-06-17T14:26:00,GlobalAir,GL2227,Boeing 747,Jet,Toronto,Mumbai,17.72417,-11.84726,London,Egypt,0,0,Minor,Engine failure
EVT000133,2016-11-20T01:34:00,GlobalAir,GL5110,Boeing 747,Jet,Sao Paulo,Cairo,1.01699,-114.15427,Sao Paulo,China,0,0,Hull Loss,Engine failure
EVT000134,2017-03-08T16:47:00,NorthernFlights,NO1598,Airbus A330,Jet,Toronto,Cairo,38.63253,-167.34549,Beijing,USA,0,0,Unknown,Runway excursion
EVT000135,2016-02-22T01:31:00,GlobalAir,GL7027,Boeing 737,Jet,London,Sao Paulo,51.39638,-116.56356,Mumbai,UK,0,0,Unknown,Weather
EVT000136,2015-11-23T20:21:00,TransContinental,TR7585,Embraer 190,Turboprop,Cairo,New York,43.59299,-21.24115,Sydney,Australia,0,0,Unknown,Runway excursion
EVT000137,2016-02-04T23:03:00,SkyWays,SK5936,Boeing 747,Jet,Beijing,Mumbai,-51.98694,24.57938,Cairo,Canada,0,0,Minor,Engine failure
EVT000138,2020-05-23T21:40:00,TransContinental,TR6755,Boeing 747,Jet,Sydney,Beijing,-21.35589,-139.56508,Sydney,Egypt,2,2,Unknown,Weather
EVT000139,2017-11-03T13:12:00,TransContinental,TR1356,Embraer 190,Turboprop,Toronto,Beijing,40.74583,-12.03588,New York,Australia,0,0,Hull Loss,Runway excursion
EVT000140,2018-10-22T16:08:00,NorthernFlights,NO5805,Airbus A320,Jet,Paris,Mumbai,-3.08064,-50.03139,Mumbai,Australia,0,0,Hull Loss,Weather
EVT000141,2019-12-16T06:29:00,NorthernFlights,NO2612,Embraer 190,Turboprop,Sydney,London,-52.98,-171.9365,Toronto,France,0,0,Hull Loss,Engine failure
EVT000142,2016-09-08T03:13:00,TransContinental,TR3672,Boeing 737,Jet,Sydney,Toronto,-25.53703,61.02302,Toronto,Egypt,0,0,Unknown,Runway excursion
EVT000143,2019-12-20T20:01:00,TransContinental,TR5971,Embraer 190,Turboprop,Berlin,Paris,40.53543,153.01162,Sao Paulo,Egypt,0,0,Minor,Pilot error
EVT000144,2016-08-31T04:01:00,TransContinental,TR5319,Bombardier Q400,Turboprop,London,Beijing,-20.83841,-7.5195,Beijing,Germany,0,0,Unknown,Weather
EVT000145,2020-09-19T08:54:00,TransContinental,TR4000,Bombardier Q400,Turboprop,Sao Paulo,Sydney,-18.74739,103.75686,Berlin,India,0,0,Unknown,Pilot error
EVT000146,2016-01-22T04:40:00,GlobalAir,GL1124,Airbus A320,Jet,New York,London,8.87753,-23.88702,Sydney,France,0,0,Major,Mid-air collision
EVT000147,2019-12-25T08:09:00,GlobalAir,GL6043,Airbus A320,Jet,London,Mumbai,-17.38485,-101.82099,Paris,Germany,0,0,Unknown,Unknown
EVT000148,2017-03-27T22:40:00,AeroExpress,AE3580,Embraer 190,Turboprop,Sao Paulo,Sydney,59.37343,179.31631,Mumbai,India,0,2,Unknown,Engine failure
EVT000149,2020-02-13T02:36:00,GlobalAir,GL3214,Airbus A330,Jet,New York,Sao Paulo,32.10377,12.18702,Cairo,UK,0,0,Hull Loss,Engine failure
EVT000150,2016-01-13T17:05:00,GlobalAir,GL8337,Bombardier Q400,Turboprop,New York,Mumbai,31.65031,-71.81353,Cairo,USA,0,0,Hull Loss,Unknown
EVT000151,2018-08-22T03:38:00,SkyWays,SK7429,Embraer 190,Turboprop,New York,Paris,41.94917,57.66342,Berlin,France,0,0,Minor,Mid-air collision
EVT000152,2019-03-03T05:45:00,GlobalAir,GL6706,Embraer 190,Turboprop,Berlin,Toronto,59.59017,-73.23099,New York,Australia,0,0,Hull Loss,Unknown
EVT000153,2017-08-14T22:15:00,IslandAir,IS3316,Bombardier Q400,Turboprop,Beijing,Paris,-51.44694,-119.20348,Berlin,China,3,5,Minor,Pilot error
EVT000154,2016-02-12T22:33:00,TransContinental,TR4626,Airbus A330,Jet,Sao Paulo,Mumbai,1.62172,-14.94598,Toronto,Germany,0,0,Unknown,Bird strike
EVT000155,2020-08-05T23:18:00,AeroExpress,AE730,Boeing 747,Jet,Sao Paulo,Mumbai,6.79407,-52.24027,Beijing,USA,0,0,Minor,Weather
EVT000156,2018-04-03T14:45:00,GlobalAir,GL6550,Embraer 190,Turboprop,Sydney,Paris,12.10159,21.36849,Sydney,Egypt,0,0,Major,Weather
EVT000157,2019-04-13T07:14:00,GlobalAir,GL975,Boeing 737,Jet,Cairo,Berlin,-14.10833,-132.67353,Cairo,USA,0,0,Major,Pilot error
EVT000158,2020-09-30T20:12:00,SkyWays,SK4768,Bombardier Q400,Turboprop,Toronto,Mumbai,7.16404,-13.40262,New York,USA,0,0,Minor,Mid-air collision
EVT000159,2017-01-23T00:02:00,IslandAir,IS5992,Airbus A330,Jet,Berlin,Paris,-57.87013,-3.77645,Cairo,Canada,0,0,Minor,Mid-air collision
EVT000160,2015-04-25T12:22:00,GlobalAir,GL1872,Bombardier Q400,Turboprop,Berlin,New York,-33.54943,-50.91413,Toronto,China,3,0,Major,Mid-air collision
EVT000161,2018-09-14T11:17:00,SkyWays,SK7403,Bombardier Q400,Turboprop,Mumbai,Sao Paulo,25.23307,-61.30601,Mumbai,Australia,0,0,Major,Pilot error
EVT000162,2016-12-16T14:51:00,NorthernFlights,NO2274,Airbus A320,Jet,Paris,Berlin,-37.47623,-166.41741,Berlin,France,3,1,Unknown,Mid-air collision
EVT000163,2017-03-21T13:26:00,NorthernFlights,NO3570,Airbus A320,Jet,Toronto,Cairo,-54.86643,-108.25213,Sydney,Canada,0,0,Hull Loss,Weather
EVT000164,2018-11-09T15:29:00,GlobalAir,GL7842,Airbus A330,Jet,Mumbai,Sydney,-44.91999,-170.7211,Berlin,Germany,0,0,Minor,Weather
EVT000165,2015-10-31T02:57:00,IslandAir,IS1969,Embraer 190,Turboprop,Cairo,London,-4.18591,12.01938,Beijing,Australia,4,1,Major,Pilot error
EVT000166,2017-08-03T06:00:00,IslandAir,IS5070,Embraer 190,Turboprop,London,Paris,29.52331,-34.17061,Berlin,India,4,2,Hull Loss,Bird strike
EVT000167,2020-07-17T06:29:00,SkyWays,SK9727,Boeing 737,Jet,Cairo,Toronto,54.0712,10.99202,New York,Egypt,0,0,Hull Loss,Mid-air collision
EVT000168,2017-09-18T22:17:00,IslandAir,IS1222,Boeing 747,Jet,Paris,Cairo,8.38325,34.13664,Mumbai,China,0,0,Major,Mid-air collision
EVT000169,2016-12-12T05:39:00,GlobalAir,GL6678,Boeing 737,Jet,Sydney,Toronto,42.18926,157.83793,Toronto,Australia,0,0,Unknown,Runway excursion
EVT000170,2017-12-08T21:57:00,TransContinental,TR9750,Airbus A320,Jet,London,New York,59.58703,-53.43883,Toronto,India,2,0,Unknown,Engine failure
EVT000171,2018-10-29T17:57:00,GlobalAir,GL513,Embraer 190,Turboprop,Sydney,Toronto,53.89092,42.16463,Sao Paulo,Brazil,0,0,Minor,Weather
EVT000172,2018-08-09T10:30:00,IslandAir,IS9740,Boeing 737,Jet,London,Sydney,47.87685,159.15435,Berlin,Canada,0,0,Minor,Bird strike
EVT000173,2018-04-16T15:23:00,NorthernFlights,NO3014,Airbus A330,Jet,Cairo,Berlin,22.99383,67.52507,Paris,Germany,1,1,Hull Loss,Weather
EVT000174,2017-12-11T10:06:00,IslandAir,IS3711,Airbus A320,Jet,New York,London,-3.68104,174.73668,Sao Paulo,USA,0,0,Hull Loss,Unknown
EVT000175,2020-01-26T02:25:00,SkyWays,SK9847,Boeing 737,Jet,Sao Paulo,Cairo,-26.96955,-36.97462,Beijing,Egypt,0,0,Hull Loss,Mid-air collision
EVT000176,2020-12-11T16:05:00,AeroExpress,AE7087,Airbus A330,Jet,Beijing,Paris,-8.72355,-149.01269,Berlin,UK,0,0,Major,Bird strike
EVT000177,2019-01-03T04:44:00,GlobalAir,GL5619,Embraer 190,Turboprop,Berlin,Toronto,39.87255,166.78686,London,France,0,0,Unknown,Weather
EVT000178,2020-08-30T09:25:00,GlobalAir,GL6774,Airbus A320,Jet,Toronto,Cairo,-18.6342,93.61248,Mumbai,France,0,0,Unknown,Bird strike
EVT000179,2017-07-10T23:06:00,SkyWays,SK7627,Boeing 747,Jet,Beijing,Mumbai,38.49727,3.62786,Beijing,Canada,0,0,Minor,Engine failure
EVT000180,2016-10-29T23:13:00,NorthernFlights,NO4117,Bombardier Q400,Turboprop,Sydney,Cairo,52.75359,-119.99203,Sao Paulo,Australia,0,0,Unknown,Pilot error
EVT000181,2020-04-12T02:32:00,GlobalAir,GL5532,Boeing 737,Jet,Mumbai,Toronto,-2.55261,178.08352,New York,China,0,0,Major,Pilot error
EVT000182,2018-01-22T01:11:00,IslandAir,IS569,Airbus A320,Jet,Beijing,Sao Paulo,-9.05483,70.04326,Toronto,Brazil,0,0,Major,Bird strike
EVT000183,2016-08-30T09:07:00,NorthernFlights,NO3309,Bombardier Q400,Turboprop,New York,Toronto,-3.96864,-3.78156,Beijing,UK,0,0,Unknown,Mid-air collision
EVT000184,2015-10-11T07:12:00,AeroExpress,AE291,Boeing 747,Jet,New York,Beijing,-33.59266,164.53828,Toronto,Australia,0,0,Major,Pilot error
EVT000185,2019-05-02T12:50:00,AeroExpress,AE8359,Embraer 190,Turboprop,London,Mumbai,19.69786,5.34632,Sao Paulo,Australia,0,0,Unknown,Unknown
EVT000186,2018-04-16T12:16:00,NorthernFlights,NO9986,Bombardier Q400,Turboprop,Sydney,Berlin,-16.05857,122.59663,London,Egypt,0,2,Hull Loss,Runway excursion
EVT000187,2018-10-09T21:20:00,TransContinental,TR4647,Boeing 737,Jet,Beijing,Paris,-57.31399,-62.95493,London,Brazil,0,0,Major,Weather
EVT000188,2020-08-18T18:11:00,AeroExpress,AE7113,Bombardier Q400,Turboprop,Mumbai,London,-16.10691,85.03641,Berlin,Egypt,1,1,Minor,Mid-air collision
EVT000189,2016-06-02T05:54:00,NorthernFlights,NO8848,Bombardier Q400,Turboprop,Sao Paulo,London,59.25611,108.83625,Beijing,USA,0,0,Minor,Runway excursion
EVT000190,2017-06-19T23:40:00,GlobalAir,GL3364,Airbus A320,Jet,Sydney,Cairo,-36.75843,-52.49811,New York,India,2,2,Hull Loss,Engine failure
EVT000191,2017-11-03T09:54:00,SkyWays,SK1183,Embraer 190,Turboprop,London,Paris,10.59309,-178.76571,Toronto,Canada,0,0,Major,Pilot error
EVT000192,2020-12-01T14:12:00,TransContinental,TR9820,Airbus A330,Jet,London,Cairo,-27.97912,-70.26974,Sydney,France,0,0,Hull Loss,Mid-air collision
EVT000193,2015-10-29T07:38:00,NorthernFlights,NO6554,Bombardier Q400,Turboprop,Sydney,Beijing,1.3187,-56.85063,Sao Paulo,China,0,0,Hull Loss,Mid-air collision
EVT000194,2019-03-03T21:59:00,IslandAir,IS9268,Airbus A320,Jet,Sydney,Paris,-59.36825,-107.73025,Cairo,Australia,0,0,Unknown,Bird strike
EVT000195,2018-07-21T02:05:00,AeroExpress,AE5728,Airbus A320,Jet,Sao Paulo,New York,-57.20996,-145.73594,Berlin,France,0,0,Unknown,Unknown
EVT000196,2016-06-01T02:18:00,NorthernFlights,NO1664,Embraer 190,Turboprop,Beijing,Mumbai,-53.14953,80.23071,Beijing,Brazil,0,0,Unknown,Bird strike
EVT000197,2017-06-14T14:37:00,IslandAir,IS1729,Embraer 190,Turboprop,Mumbai,Paris,-37.99895,142.95743,New York,Germany,0,0,Minor,Mid-air collision
EVT000198,2015-09-29T22:25:00,GlobalAir,GL4726,Airbus A330,Jet,New York,Paris,-30.82503,35.76483,Mumbai,UK,0,0,Major,Unknown
EVT000199,2016-02-18T20:06:00,IslandAir,IS9899,Bombardier Q400,Turboprop,Beijing,Mumbai,-55.5159,15.02189,Toronto,India,0,0,Hull Loss,Runway excursion
EVT000200,2016-06-05T11:04:00,TransContinental,TR8548,Bombardier Q400,Turboprop,London,Mumbai,-38.50111,-173.20427,Sao Paulo,Germany,0,0,Unknown,Bird strike
EVT000201,2020-09-13T02:20:00,SkyWays,SK710,Boeing 737,Jet,Paris,Beijing,49.60327,87.5717,Berlin,Brazil,0,0,Minor,Bird strike
EVT000202,2020-07-07T20:00:00,SkyWays,SK174,Boeing 747,Jet,Toronto,London,1.5445,-10.00823,Berlin,USA,2,3,Minor,Unknown
EVT000203,2018-10-13T12:52:00,TransContinental,TR2276,Airbus A320,Jet,Sydney,Mumbai,-18.69013,-31.41778,Toronto,Egypt,0,1,Hull Loss,Mid-air collision
EVT000204,2018-12-01T05:58:00,IslandAir,IS7747,Boeing 747,Jet,Paris,Sao Paulo,12.25223,46.28004,Sao Paulo,China,0,0,Unknown,Bird strike
EVT000205,2015-10-16T05:49:00,IslandAir,IS4717,Airbus A330,Jet,Beijing,Sydney,-0.31594,-38.87174,Paris,India,0,0,Minor,Bird strike
EVT000206,2016-06-02T01:04:00,TransContinental,TR4210,Bombardier Q400,Turboprop,Sydney,New York,5.87081,-96.81815,Paris,UK,0,0,Hull Loss,Unknown
EVT000207,2015-04-14T08:24:00,IslandAir,IS6300,Boeing 737,Jet,Beijing,Mumbai,-38.37149,-53.39366,Berlin,France,0,1,Major,Runway excursion
EVT000208,2019-06-04T16:50:00,NorthernFlights,NO4157,Boeing 737,Jet,Paris,Sydney,59.8365,121.90125,Berlin,Canada,0,0,Unknown,Runway excursion
EVT000209,2018-07-10T09:34:00,NorthernFlights,NO8153,Boeing 737,Jet,Sao Paulo,New York,-27.65996,125.11598,Sao Paulo,Australia,6,0,Minor,Mid-air collision
EVT000210,2016-03-21T19:03:00,AeroExpress,AE7324,Airbus A330,Jet,Paris,Toronto,51.75464,124.86537,Paris,Egypt,0,1,Hull Loss,Unknown
EVT000211,2016-10-20T03:26:00,TransContinental,TR4965,Bombardier Q400,Turboprop,Sao Paulo,Sydney,-29.40366,-63.22074,New York,Egypt,0,0,Major,Mid-air collision
EVT000212,2020-06-09T13:35:00,GlobalAir,GL7724,Airbus A320,Jet,New York,Sydney,-33.86046,-61.31315,Sao Paulo,Canada,0,0,Unknown,Engine failure
EVT000213,2015-04-09T22:50:00,GlobalAir,GL3403,Embraer 190,Turboprop,Beijing,Paris,-31.77023,154.09721,New York,UK,0,0,Major,Unknown
EVT000214,2016-09-10T06:36:00,TransContinental,TR659,Embraer 190,Turboprop,Mumbai,Berlin,48.14573,113.70391,Toronto,Germany,0,0,Hull Loss,Bird strike
EVT000215,2020-11-04T12:41:00,GlobalAir,GL7308,Airbus A320,Jet,Sao Paulo,Berlin,-9.61845,-69.22279,Sydney,France,0,0,Major,Weather
EVT000216,2020-03-14T03:30:00,SkyWays,SK1846,Boeing 747,Jet,Paris,New York,-18.17733,135.29358,Toronto,Brazil,0,0,Major,Engine failure
EVT000217,2019-12-19T21:21:00,IslandAir,IS2281,Embraer 190,Turboprop,Beijing,Sao Paulo,-29.55766,-67.26116,Beijing,Egypt,1,2,Hull Loss,Runway excursion
EVT000218,2015-06-24T18:47:00,IslandAir,IS3842,Boeing 737,Jet,Beijing,Mumbai,-31.51509,112.10991,Sao Paulo,China,0,0,Minor,Engine failure
EVT000219,2016-02-03T19:55:00,AeroExpress,AE263,Bombardier Q400,Turboprop,New York,Toronto,44.01522,-176.32943,Mumbai,UK,0,0,Major,Unknown
EVT000220,2017-09-06T10:43:00,SkyWays,SK8051,Boeing 737,Jet,Cairo,Beijing,-27.23169,49.06301,Toronto,UK,0,0,Minor,Bird strike
EVT000221,2015-11-11T10:14:00,SkyWays,SK257,Embraer 190,Turboprop,Toronto,Sydney,-43.55747,-23.66703,Berlin,Brazil,0,0,Hull Loss,Weather
EVT000222,2016-06-18T06:33:00,NorthernFlights,NO3098,Airbus A320,Jet,Toronto,Cairo,3.74175,-85.85024,Cairo,Egypt,0,0,Minor,Pilot error
EVT000223,2015-12-12T22:16:00,NorthernFlights,NO1682,Airbus A320,Jet,Beijing,New York,51.94294,-24.33973,Toronto,UK,3,0,Unknown,Runway excursion
EVT000224,2020-04-03T02:43:00,AeroExpress,AE3185,Airbus A320,Jet,Mumbai,Sydney,47.04445,143.04944,Beijing,Egypt,0,0,Major,Engine failure
EVT000225,2020-06-01T16:32:00,NorthernFlights,NO5200,Airbus A330,Jet,London,Toronto,-42.89859,173.96177,Sydney,USA,0,0,Major,Bird strike
EVT000226,2020-09-13T19:27:00,SkyWays,SK3697,Airbus A320,Jet,Cairo,New York,12.97419,-18.06583,Beijing,India,0,0,Hull Loss,Pilot error
EVT000227,2018-02-20T19:29:00,AeroExpress,AE3835,Airbus A330,Jet,Cairo,Sao Paulo,-39.0796,11.33895,New York,UK,0,0,Hull Loss,Runway excursion
EVT000228,2020-08-27T06:18:00,AeroExpress,AE8797,Bombardier Q400,Turboprop,Sydney,Toronto,-44.28794,-140.00288,Paris,Brazil,2,5,Major,Engine failure
EVT000229,2018-04-25T14:35:00,AeroExpress,AE5754,Airbus A330,Jet,Sydney,New York,-34.13953,34.46058,New York,Australia,0,0,Major,Mid-air collision
EVT000230,2016-04-20T16:46:00,AeroExpress,AE4132,Boeing 747,Jet,Beijing,Mumbai,17.05882,80.73685,Cairo,Brazil,0,0,Minor,Runway excursion
EVT000231,2020-11-20T07:20:00,IslandAir,IS9958,Airbus A320,Jet,London,New York,10.0985,-87.44071,Mumbai,Canada,0,0,Hull Loss,Engine failure
EVT000232,2019-11-27T00:03:00,NorthernFlights,NO6438,Embraer 190,Turboprop,Beijing,Berlin,-47.74047,-82.1358,Mumbai,Germany,0,0,Minor,Weather
EVT000233,2020-07-08T08:45:00,IslandAir,IS3620,Boeing 747,Jet,Cairo,Berlin,37.31447,-130.644,London,France,0,1,Hull Loss,Unknown
EVT000234,2018-04-07T05:47:00,NorthernFlights,NO9434,Bombardier Q400,Turboprop,Berlin,London,42.15332,-132.03975,Sao Paulo,Canada,0,0,Hull Loss,Unknown
EVT000235,2015-10-08T14:53:00,NorthernFlights,NO5068,Boeing 747,Jet,Mumbai,Berlin,12.08596,-106.50366,New York,China,0,1,Minor,Weather
EVT000236,2016-03-26T02:39:00,AeroExpress,AE3769,Embraer 190,Turboprop,Paris,Cairo,-48.55534,33.32185,Cairo,Germany,0,0,Hull Loss,Unknown
EVT000237,2019-10-24T02:36:00,NorthernFlights,NO7771,Boeing 747,Jet,Sydney,Toronto,32.46539,77.96507,Cairo,Canada,0,0,Hull Loss,Mid-air collision
EVT000238,2015-09-20T23:47:00,IslandAir,IS9202,Boeing 737,Jet,New York,Paris,44.02373,-14.21066,Sydney,Egypt,1,1,Hull Loss,Weather
EVT000239,2015-01-18T08:38:00,TransContinental,TR5118,Airbus A320,Jet,Beijing,London,42.9447,36.92296,Berlin,Germany,0,1,Unknown,Engine failure
EVT000240,2015-11-16T16:17:00,TransContinental,TR4269,Airbus A330,Jet,Sydney,London,-15.5191,-154.13117,Beijing,Germany,0,0,Unknown,Unknown
EVT000241,2018-09-11T15:00:00,GlobalAir,GL3761,Airbus A320,Jet,Toronto,Mumbai,18.75777,127.33357,Paris,Egypt,0,0,Minor,Runway excursion
EVT000242,2019-08-29T15:51:00,NorthernFlights,NO9650,Airbus A330,Jet,London,Sydney,49.40256,-155.94914,Toronto,USA,1,1,Unknown,Weather
EVT000243,2019-06-20T23:53:00,IslandAir,IS6064,Airbus A320,Jet,Beijing,Sydney,12.83572,-36.82091,Sydney,UK,0,0,Hull Loss,Pilot error
EVT000244,2017-09-28T00:37:00,IslandAir,IS9764,Airbus A320,Jet,Paris,Sydney,-22.81329,128.3373,London,Brazil,0,0,Major,Mid-air collision
EVT000245,2015-02-17T11:52:00,NorthernFlights,NO7260,Airbus A320,Jet,Paris,New York,39.02535,-113.40504,Berlin,UK,0,0,Hull Loss,Engine failure
EVT000246,2018-05-28T10:35:00,GlobalAir,GL2305,Boeing 737,Jet,New York,Cairo,4.64917,115.59724,Mumbai,China,0,0,Hull Loss,Unknown
EVT000247,2020-05-30T04:36:00,IslandAir,IS2548,Airbus A320,Jet,London,Cairo,-10.71874,83.67233,Sydney,Germany,0,0,Hull Loss,Engine failure
EVT000248,2015-01-10T01:58:00,SkyWays,SK6155,Airbus A330,Jet,Toronto,Cairo,21.91715,145.16375,Mumbai,Germany,0,0,Unknown,Pilot error
EVT000249,2015-02-17T02:32:00,GlobalAir,GL6517,Airbus A320,Jet,London,Berlin,56.99397,77.22052,Mumbai,France,0,0,Unknown,Unknown
EVT000250,2018-12-12T19:53:00,GlobalAir,GL2716,Airbus A330,Jet,Mumbai,Paris,-57.93156,-149.74791,London,France,0,0,Hull Loss,Runway excursion
EVT000251,2018-12-15T23:45:00,GlobalAir,GL7192,Embraer 190,Turboprop,London,Beijing,46.03401,-122.35183,Cairo,Australia,0,0,Major,Runway excursion
EVT000252,2017-01-06T17:37:00,NorthernFlights,NO5711,Bombardier Q400,Turboprop,Toronto,Cairo,42.54977,-18.00665,Toronto,USA,0,0,Major,Mid-air collision
EVT000253,2017-05-14T12:13:00,IslandAir,IS3972,Airbus A330,Jet,New York,Mumbai,36.67302,-6.58213,New York,USA,3,3,Major,Runway excursion
EVT000254,2020-07-14T07:25:00,IslandAir,IS548,Boeing 747,Jet,Sao Paulo,Paris,43.44579,-17.65373,Sao Paulo,Canada,0,0,Hull Loss,Bird strike
EVT000255,2020-09-10T04:40:00,TransContinental,TR2591,Embraer 190,Turboprop,Paris,Sydney,-29.06952,-32.39271,London,UK,0,0,Hull Loss,Runway excursion
EVT000256,2017-03-27T04:58:00,TransContinental,TR4202,Airbus A320,Jet,New York,Cairo,53.06711,-37.90907,Beijing,UK,0,0,Unknown,Bird strike
EVT000257,2020-11-24T12:21:00,AeroExpress,AE8606,Boeing 747,Jet,Cairo,Paris,25.32757,35.637,Berlin,USA,0,0,Hull Loss,Mid-air collision
EVT000258,2016-12-01T19:08:00,TransContinental,TR873,Embraer 190,Turboprop,Mumbai,New York,-40.16231,-57.79578,New York,USA,1,2,Hull Loss,Bird strike
EVT000259,2018-07-10T01:32:00,SkyWays,SK6464,Boeing 747,Jet,Paris,Toronto,37.2594,-52.07894,London,India,0,0,Minor,Pilot error
EVT000260,2019-12-16T18:24:00,GlobalAir,GL2921,Boeing 737,Jet,Berlin,Cairo,-3.15579,157.20112,Toronto,France,0,0,Unknown,Runway excursion
EVT000261,2018-10-26T11:27:00,NorthernFlights,NO297,Embraer 190,Turboprop,Cairo,New York,11.08567,96.18098,London,China,1,1,Hull Loss,Bird strike
EVT000262,2020-09-13T21:53:00,GlobalAir,GL2390,Bombardier Q400,Turboprop,New York,Paris,-20.34114,-32.2776,Sydney,Australia,0,0,Major,Bird strike
EVT000263,2015-03-23T04:43:00,AeroExpress,AE5947,Boeing 747,Jet,Sao Paulo,London,-54.61075,108.05089,Beijing,UK,0,0,Unknown,Engine failure
EVT000264,2019-12-27T05:37:00,SkyWays,SK3307,Boeing 747,Jet,Berlin,Sydney,10.60874,18.92798,Toronto,France,0,0,Minor,Pilot error
EVT000265,2016-12-03T03:19:00,TransContinental,TR7415,Embraer 190,Turboprop,Cairo,Toronto,35.27076,-15.00578,Mumbai,Canada,0,0,Minor,Pilot error
EVT000266,2020-05-20T12:23:00,TransContinental,TR2731,Airbus A330,Jet,Toronto,Beijing,-26.26437,179.04013,Cairo,France,0,0,Minor,Weather
EVT000267,2018-12-05T13:10:00,TransContinental,TR8681,Embraer 190,Turboprop,Toronto,Paris,49.85489,119.36651,Berlin,Brazil,0,0,Minor,Engine failure
EVT000268,2018-08-12T05:04:00,TransContinental,TR1707,Boeing 747,Jet,Cairo,Berlin,-54.2448,136.66109,Berlin,France,0,0,Hull Loss,Runway excursion
EVT000269,2016-10-06T13:05:00,NorthernFlights,NO3129,Boeing 737,Jet,Sao Paulo,Cairo,-16.29208,-104.52968,New York,Germany,0,0,Minor,Pilot error
EVT000270,2015-07-17T10:34:00,SkyWays,SK5562,Airbus A330,Jet,Beijing,Toronto,43.4066,81.89394,Beijing,Australia,0,0,Unknown,Engine failure
EVT000271,2016-02-18T16:40:00,IslandAir,IS6765,Airbus A330,Jet,New York,Beijing,17.13937,-1.51574,London,Canada,3,1,Unknown,Weather
EVT000272,2018-10-11T11:05:00,SkyWays,SK5890,Embraer 190,Turboprop,Paris,Toronto,17.33327,146.096,Mumbai,Brazil,1,3,Unknown,Bird strike
EVT000273,2018-09-07T22:41:00,AeroExpress,AE7795,Boeing 747,Jet,Berlin,Beijing,46.17018,26.83483,Toronto,Brazil,0,0,Unknown,Bird strike
EVT000274,2019-06-18T04:24:00,AeroExpress,AE1024,Boeing 737,Jet,New York,Mumbai,26.89887,-174.98684,Berlin,USA,0,0,Major,Bird strike
EVT000275,2018-07-23T00:31:00,SkyWays,SK2973,Boeing 747,Jet,Paris,Toronto,-26.00161,153.63244,Cairo,UK,0,0,Unknown,Mid-air collision
EVT000276,2015-08-23T20:22:00,NorthernFlights,NO2884,Boeing 747,Jet,New York,Toronto,40.40247,-0.34979,Sydney,Germany,0,0,Minor,Mid-air collision
EVT000277,2017-12-27T12:16:00,SkyWays,SK2660,Boeing 747,Jet,New York,Mumbai,-33.73063,-123.04682,Sydney,Brazil,0,0,Unknown,Mid-air collision
EVT000278,2015-10-15T02:17:00,NorthernFlights,NO6397,Boeing 747,Jet,Sydney,Paris,54.37192,157.82945,Sydney,France,0,0,Minor,Mid-air collision
EVT000279,2019-05-05T06:15:00,IslandAir,IS2085,Embraer 190,Turboprop,Sydney,Toronto,-7.18216,-100.96408,Mumbai,China,0,0,Major,Pilot error
EVT000280,2016-01-25T00:59:00,NorthernFlights,NO2002,Boeing 747,Jet,Toronto,Paris,-26.32466,156.60433,Sao Paulo,UK,7,0,Hull Loss,Engine failure
EVT000281,2020-05-22T22:32:00,IslandAir,IS3482,Airbus A320,Jet,Sydney,Sao Paulo,52.98067,168.99282,London,Australia,0,1,Minor,Engine failure
EVT000282,2016-05-24T21:27:00,SkyWays,SK7085,Embraer 190,Turboprop,Cairo,Paris,-59.49565,-3.40295,Paris,Egypt,0,0,Minor,Weather
EVT000283,2017-03-18T00:15:00,IslandAir,IS2125,Airbus A330,Jet,Cairo,New York,2.77952,74.88483,Toronto,UK,0,0,Major,Unknown
EVT000284,2016-05-19T12:08:00,NorthernFlights,NO5679,Embraer 190,Turboprop,Mumbai,Sydney,-18.95554,-169.05727,Mumbai,UK,0,0,Unknown,Weather
EVT000285,2019-09-21T05:59:00,AeroExpress,AE8652,Boeing 747,Jet,Toronto,Mumbai,-12.33466,-77.50913,Sydney,Germany,0,0,Hull Loss,Engine failure
EVT000286,2015-04-08T21:55:00,GlobalAir,GL563,Embraer 190,Turboprop,Beijing,Paris,-25.09235,-124.98348,New York,India,0,0,Hull Loss,Unknown
EVT000287,2018-12-13T23:29:00,SkyWays,SK7517,Bombardier Q400,Turboprop,Paris,Sao Paulo,59.29847,35.9672,Toronto,Brazil,0,0,Unknown,Mid-air collision
EVT000288,2016-07-13T22:57:00,SkyWays,SK9512,Boeing 747,Jet,London,Beijing,-27.53607,64.43668,Paris,Brazil,0,0,Major,Runway excursion
EVT000289,2016-08-29T17:11:00,TransContinental,TR674,Boeing 747,Jet,Mumbai,Toronto,-6.17095,32.5005,Cairo,UK,0,0,Major,Runway excursion
EVT000290,2017-02-18T04:12:00,AeroExpress,AE3217,Boeing 737,Jet,Paris,Cairo,13.54517,0.36055,Beijing,Australia,0,0,Minor,Bird strike
EVT000291,2015-04-01T10:00:00,TransContinental,TR6824,Embraer 190,Turboprop,Paris,London,-6.92005,-21.34345,Beijing,Canada,0,0,Unknown,Mid-air collision
EVT000292,2015-05-30T14:35:00,NorthernFlights,NO7083,Boeing 747,Jet,Berlin,Sao Paulo,36.24179,-22.81242,Berlin,China,0,0,Hull Loss,Runway excursion
EVT000293,2018-02-28T14:53:00,SkyWays,SK2489,Airbus A320,Jet,Beijing,Sydney,-35.57866,139.04127,Cairo,Australia,0,0,Unknown,Mid-air collision
EVT000294,2019-02-11T01:59:00,GlobalAir,GL577,Airbus A330,Jet,New York,London,15.82985,134.39596,London,Egypt,0,0,Minor,Bird strike
EVT000295,2017-08-27T03:41:00,NorthernFlights,NO3336,Boeing 737,Jet,Beijing,Sao Paulo,-53.28729,55.50168,Paris,China,0,0,Hull Loss,Unknown
EVT000296,2019-05-13T23:01:00,SkyWays,SK567,Airbus A320,Jet,Berlin,Sao Paulo,-48.64076,-130.6151,Beijing,France,3,1,Hull Loss,Bird strike
EVT000297,2015-08-22T04:57:00,TransContinental,TR4550,Boeing 747,Jet,Berlin,Mumbai,-16.74452,159.28537,London,Australia,0,0,Unknown,Runway excursion
EVT000298,2019-07-12T12:39:00,IslandAir,IS4074,Boeing 747,Jet,London,Paris,-9.97121,-117.35165,Paris,Egypt,0,0,Unknown,Mid-air collision
EVT000299,2019-12-21T16:36:00,TransContinental,TR514,Bombardier Q400,Turboprop,Toronto,Mumbai,-19.88758,105.4792,Cairo,Egypt,0,0,Hull Loss,Pilot error
EVT000300,2020-01-16T08:56:00,AeroExpress,AE7985,Embraer 190,Turboprop,Sydney,Mumbai,55.11833,-176.5976,Sydney,Canada,0,0,Unknown,Pilot error
EVT000301,2019-06-12T17:49:00,AeroExpress,AE9790,Boeing 737,Jet,New York,Cairo,-24.44783,119.31155,Sao Paulo,China,2,0,Major,Runway excursion
EVT000302,2017-10-18T17:03:00,NorthernFlights,NO9259,Airbus A330,Jet,Berlin,Sao Paulo,-56.30043,174.11631,Toronto,USA,0,0,Unknown,Unknown
EVT000303,2016-10-16T06:21:00,TransContinental,TR9221,Airbus A330,Jet,Toronto,Mumbai,16.6277,35.39571,New York,UK,3,0,Major,Runway excursion
EVT000304,2016-02-10T12:38:00,SkyWays,SK8335,Embraer 190,Turboprop,Sao Paulo,Toronto,-46.12705,-134.85806,Cairo,Brazil,0,0,Minor,Mid-air collision
EVT000305,2018-10-28T15:44:00,NorthernFlights,NO6104,Airbus A320,Jet,London,Sydney,-25.78756,43.11167,Beijing,India,0,1,Hull Loss,Pilot error
EVT000306,2018-01-04T23:00:00,AeroExpress,AE5147,Embraer 190,Turboprop,Mumbai,Beijing,53.95825,8.49101,London,USA,0,0,Hull Loss,Weather
EVT000307,2015-11-25T15:10:00,GlobalAir,GL3348,Boeing 737,Jet,Sao Paulo,Berlin,59.83413,139.55736,Berlin,Germany,0,0,Minor,Mid-air collision
EVT000308,2017-12-16T03:22:00,IslandAir,IS3159,Embraer 190,Turboprop,New York,Sydney,31.47302,84.12257,Toronto,Australia,0,0,Minor,Weather
EVT000309,2020-11-09T00:50:00,NorthernFlights,NO6737,Bombardier Q400,Turboprop,Mumbai,Beijing,-8.89672,-107.9013,Toronto,India,0,0,Minor,Weather
EVT000310,2015-05-08T08:02:00,NorthernFlights,NO3928,Boeing 747,Jet,London,Sao Paulo,2.71427,-95.11605,Mumbai,USA,0,0,Major,Bird strike
EVT000311,2018-10-19T13:29:00,IslandAir,IS7190,Bombardier Q400,Turboprop,London,Cairo,41.75089,-102.25225,Sao Paulo,Egypt,0,0,Major,Weather
EVT000312,2016-04-13T12:35:00,TransContinental,TR4540,Airbus A320,Jet,New York,Sao Paulo,-47.0114,119.19613,Beijing,USA,0,0,Major,Mid-air collision
EVT000313,2019-05-05T04:08:00,TransContinental,TR7813,Airbus A330,Jet,Cairo,Paris,23.46445,28.33881,Sao Paulo,China,0,0,Minor,Pilot error
EVT000314,2018-03-14T03:59:00,TransContinental,TR1242,Bombardier Q400,Turboprop,Toronto,Cairo,15.36589,-43.87224,Berlin,Brazil,0,0,Hull Loss,Mid-air collision
EVT000315,2018-11-07T19:08:00,AeroExpress,AE7457,Embraer 190,Turboprop,Toronto,Mumbai,0.52549,-66.88009,New York,India,0,0,Major,Mid-air collision
EVT000316,2018-08-06T12:50:00,NorthernFlights,NO8626,Airbus A320,Jet,Paris,Sydney,27.04101,-47.57122,New York,India,0,0,Major,Unknown
EVT000317,2016-12-19T15:00:00,IslandAir,IS156,Bombardier Q400,Turboprop,Berlin,Sao Paulo,56.79648,158.65167,London,France,0,0,Unknown,Mid-air collision
EVT000318,2015-10-21T04:46:00,NorthernFlights,NO2256,Airbus A330,Jet,Cairo,New York,-24.85354,38.87762,Mumbai,France,3,1,Hull Loss,Pilot error
EVT000319,2015-10-27T00:13:00,TransContinental,TR5677,Embraer 190,Turboprop,Sao Paulo,Berlin,34.67598,120.92081,Beijing,Australia,0,0,Minor,Runway excursion
EVT000320,2016-03-24T13:54:00,NorthernFlights,NO2648,Boeing 737,Jet,Sydney,Sao Paulo,-4.5303,-7.53681,New York,Germany,0,0,Hull Loss,Pilot error
EVT000321,2015-12-03T08:17:00,SkyWays,SK7869,Boeing 747,Jet,Beijing,Sydney,-20.26462,-112.22085,Sydney,France,1,2,Major,Weather
EVT000322,2016-03-11T19:12:00,SkyWays,SK2828,Airbus A330,Jet,Cairo,Toronto,35.5878,-38.35418,Toronto,Australia,0,0,Minor,Pilot error
EVT000323,2019-09-02T19:12:00,NorthernFlights,NO1104,Boeing 737,Jet,Beijing,Cairo,-39.40148,176.46952,Beijing,Germany,0,0,Minor,Weather
EVT000324,2015-07-27T02:14:00,TransContinental,TR4447,Airbus A320,Jet,Cairo,Sydney,-48.10678,1.68038,Beijing,Egypt,0,0,Unknown,Engine failure
EVT000325,2016-08-08T17:12:00,AeroExpress,AE4472,Airbus A330,Jet,Toronto,New York,0.59572,-118.23168,Beijing,Canada,0,0,Unknown,Engine failure
EVT000326,2015-06-30T13:04:00,GlobalAir,GL489,Boeing 737,Jet,London,New York,20.97508,88.02272,Paris,UK,1,2,Major,Bird strike
EVT000327,2020-04-07T04:52:00,NorthernFlights,NO8806,Boeing 737,Jet,Sydney,Cairo,37.14438,-150.34551,Paris,China,0,0,Hull Loss,Unknown
EVT000328,2015-10-10T00:02:00,NorthernFlights,NO5421,Boeing 737,Jet,New York,London,-9.50026,-15.7329,Beijing,Brazil,0,0,Unknown,Unknown
EVT000329,2016-11-15T03:35:00,NorthernFlights,NO1844,Boeing 737,Jet,Sao Paulo,Paris,13.98816,-161.59897,New York,Canada,0,0,Hull Loss,Mid-air collision
EVT000330,2016-03-10T07:56:00,IslandAir,IS4279,Boeing 747,Jet,New York,Berlin,-1.79524,-163.07731,Toronto,Germany,0,0,Unknown,Mid-air collision
EVT000331,2018-08-20T01:51:00,TransContinental,TR9311,Airbus A330,Jet,Sydney,Sao Paulo,-7.7306,127.50906,Toronto,Egypt,0,0,Major,Pilot error
EVT000332,2018-01-28T06:22:00,IslandAir,IS6433,Bombardier Q400,Turboprop,Toronto,Sao Paulo,7.49561,-142.8792,Mumbai,USA,0,0,Hull Loss,Engine failure
EVT000333,2018-10-24T02:06:00,IslandAir,IS2999,Airbus A330,Jet,Paris,Mumbai,31.07804,126.35042,Beijing,India,0,0,Unknown,Mid-air collision
EVT000334,2015-10-13T02:17:00,TransContinental,TR8120,Boeing 747,Jet,New York,Sydney,-8.29026,-37.27165,London,Brazil,0,0,Major,Unknown
EVT000335,2019-01-19T13:11:00,NorthernFlights,NO4723,Boeing 747,Jet,Sao Paulo,New York,30.00837,-95.90333,New York,Brazil,0,0,Minor,Mid-air collision
EVT000336,2016-06-12T00:05:00,NorthernFlights,NO4543,Embraer 190,Turboprop,Sydney,Beijing,59.24878,171.15379,Beijing,UK,0,0,Unknown,Bird strike
EVT000337,2019-11-04T14:43:00,AeroExpress,AE4640,Airbus A320,Jet,Berlin,Mumbai,-26.45104,-22.24058,Beijing,Egypt,0,0,Minor,Bird strike
EVT000338,2020-01-21T06:31:00,NorthernFlights,NO5928,Embraer 190,Turboprop,New York,Berlin,-14.7955,-167.96453,Mumbai,USA,0,2,Unknown,Unknown
EVT000339,2015-03-25T05:54:00,IslandAir,IS2250,Airbus A330,Jet,Sao Paulo,Berlin,-53.81528,-42.90859,Toronto,USA,0,0,Unknown,Bird strike
EVT000340,2016-03-24T00:23:00,IslandAir,IS858,Airbus A330,Jet,Paris,London,-35.04314,-106.14108,Sydney,Brazil,0,0,Major,Pilot error
EVT000341,2017-08-31T22:42:00,NorthernFlights,NO7921,Boeing 737,Jet,Sydney,London,-2.55998,-81.14368,New York,France,0,0,Major,Mid-air collision
EVT000342,2020-03-01T15:10:00,TransContinental,TR8732,Airbus A320,Jet,Beijing,London,-14.51039,102.44857,Beijing,Brazil,1,0,Minor,Pilot error
EVT000343,2020-06-23T06:52:00,IslandAir,IS2827,Embraer 190,Turboprop,Mumbai,Toronto,19.27804,58.16305,Berlin,Germany,0,0,Major,Weather
EVT000344,2017-01-28T13:53:00,GlobalAir,GL7571,Airbus A330,Jet,Paris,Toronto,-42.69941,-125.48092,London,France,0,0,Unknown,Mid-air collision
EVT000345,2020-10-05T09:14:00,AeroExpress,AE6801,Airbus A320,Jet,Toronto,Mumbai,15.76496,-97.72153,Beijing,Canada,0,0,Major,Weather
EVT000346,2019-01-30T16:56:00,AeroExpress,AE2322,Embraer 190,Turboprop,Sao Paulo,Mumbai,15.05724,-131.49309,Paris,Canada,0,0,Major,Engine failure
EVT000347,2019-02-02T09:38:00,SkyWays,SK8770,Embraer 190,Turboprop,Beijing,Cairo,16.98356,32.35017,Paris,UK,0,0,Unknown,Weather
EVT000348,2015-09-09T20:56:00,AeroExpress,AE470,Airbus A330,Jet,Sao Paulo,Berlin,-18.34911,2.23835,Mumbai,Germany,0,0,Minor,Weather
EVT000349,2020-03-08T17:16:00,SkyWays,SK7079,Airbus A330,Jet,Beijing,Cairo,10.68312,-74.12939,London,India,0,0,Unknown,Weather
EVT000350,2019-10-08T10:27:00,TransContinental,TR2828,Embraer 190,Turboprop,Cairo,Berlin,49.82356,17.60212,Mumbai,Egypt,0,0,Unknown,Unknown
EVT000351,2015-02-10T17:13:00,TransContinental,TR1543,Bombardier Q400,Turboprop,Beijing,London,42.35732,-98.73037,Mumbai,China,0,0,Hull Loss,Bird strike
EVT000352,2017-10-19T04:56:00,AeroExpress,AE4056,Boeing 737,Jet,Toronto,Mumbai,-29.25501,107.70893,Paris,Brazil,0,0,Unknown,Mid-air collision
EVT000353,2019-07-21T06:05:00,TransContinental,TR6475,Airbus A330,Jet,London,Toronto,14.54844,70.81722,Toronto,UK,0,0,Unknown,Runway excursion
EVT000354,2020-11-05T03:34:00,IslandAir,IS7915,Boeing 737,Jet,Sydney,Paris,50.48133,104.41572,Sydney,Australia,0,0,Major,Unknown
EVT000355,2016-09-01T05:00:00,NorthernFlights,NO2354,Boeing 747,Jet,Toronto,Berlin,53.35696,149.89492,Beijing,Canada,0,0,Hull Loss,Runway excursion
EVT000356,2017-11-05T05:43:00,GlobalAir,GL4162,Boeing 737,Jet,Cairo,Berlin,-27.03102,13.10345,Toronto,Australia,0,0,Minor,Unknown
EVT000357,2017-07-28T23:36:00,SkyWays,SK9119,Airbus A330,Jet,Sydney,London,-3.34513,36.29123,Sao Paulo,UK,0,0,Unknown,Engine failure
EVT000358,2017-07-26T21:38:00,IslandAir,IS7633,Boeing 747,Jet,New York,Cairo,-52.39422,109.45343,Paris,Egypt,0,0,Unknown,Bird strike
EVT000359,2016-01-29T14:33:00,IslandAir,IS563,Boeing 747,Jet,Toronto,Sao Paulo,51.68001,-78.65988,Paris,Australia,2,1,Unknown,Pilot error
EVT000360,2019-04-23T13:32:00,NorthernFlights,NO2670,Airbus A320,Jet,Paris,Sydney,-0.04272,95.67658,Toronto,China,0,0,Unknown,Bird strike
EVT000361,2016-05-05T23:04:00,IslandAir,IS1563,Embraer 190,Turboprop,Sydney,New York,-18.50147,31.01837,London,Brazil,0,0,Minor,Bird strike
EVT000362,2020-02-16T18:20:00,IslandAir,IS8392,Embraer 190,Turboprop,Toronto,Beijing,-22.69125,131.4295,Beijing,China,0,0,Unknown,Runway excursion
EVT000363,2015-12-30T01:35:00,SkyWays,SK1008,Airbus A320,Jet,Berlin,Cairo,-37.81001,-24.35179,Toronto,China,4,1,Hull Loss,Pilot error
EVT000364,2018-05-03T23:44:00,TransContinental,TR9788,Embraer 190,Turboprop,Paris,London,14.91053,-25.05498,Sydney,Canada,0,0,Major,Mid-air collision
EVT000365,2018-05-30T14:31:00,AeroExpress,AE4762,Embraer 190,Turboprop,Cairo,Toronto,3.54316,58.72866,Berlin,Brazil,0,0,Unknown,Runway excursion
EVT000366,2015-12-09T04:14:00,TransContinental,TR9343,Boeing 747,Jet,Paris,Berlin,36.24329,-167.09738,Cairo,India,0,0,Major,Engine failure
EVT000367,2016-02-09T09:48:00,NorthernFlights,NO8792,Boeing 747,Jet,Mumbai,Cairo,-7.75441,76.70865,Paris,UK,0,0,Major,Weather
EVT000368,2016-01-24T12:06:00,IslandAir,IS5965,Boeing 747,Jet,London,Sao Paulo,-14.70892,-141.32783,Cairo,Egypt,0,0,Hull Loss,Engine failure
EVT000369,2017-03-05T13:05:00,NorthernFlights,NO1242,Bombardier Q400,Turboprop,Sao Paulo,London,34.39832,144.11627,Cairo,Brazil,0,0,Major,Bird strike
EVT000370,2016-06-01T14:25:00,AeroExpress,AE7766,Airbus A330,Jet,Cairo,London,32.65315,79.06649,Beijing,Australia,0,0,Minor,Unknown
EVT000371,2018-06-14T01:11:00,SkyWays,SK8549,Airbus A330,Jet,Sao Paulo,Beijing,2.64427,-12.39356,Cairo,USA,0,0,Minor,Bird strike
EVT000372,2016-07-18T13:56:00,NorthernFlights,NO8050,Embraer 190,Turboprop,Toronto,Beijing,-5.49837,-39.45366,Mumbai,Germany,0,0,Minor,Mid-air collision
EVT000373,2019-11-15T03:14:00,AeroExpress,AE5701,Airbus A320,Jet,Berlin,London,-56.80405,-6.01968,Beijing,Germany,0,0,Hull Loss,Pilot error
EVT000374,2017-12-18T11:22:00,IslandAir,IS5898,Airbus A330,Jet,Berlin,New York,-29.78388,-54.30929,Toronto,UK,0,0,Major,Runway excursion
EVT000375,2018-04-05T01:07:00,AeroExpress,AE9431,Bombardier Q400,Turboprop,Paris,London,-55.9692,165.32402,London,Canada,0,0,Unknown,Runway excursion
EVT000376,2018-03-02T18:10:00,TransContinental,TR2065,Airbus A330,Jet,Berlin,New York,5.43489,-113.23222,Paris,Egypt,0,0,Minor,Unknown
EVT000377,2017-08-12T12:43:00,GlobalAir,GL2551,Airbus A330,Jet,Berlin,Paris,10.63235,-139.57319,Cairo,UK,1,1,Unknown,Bird strike
EVT000378,2019-01-22T19:42:00,AeroExpress,AE2730,Boeing 747,Jet,Mumbai,Berlin,-49.62094,-89.20073,Beijing,Egypt,0,0,Major,Runway excursion
EVT000379,2018-01-18T19:03:00,GlobalAir,GL7779,Airbus A320,Jet,Berlin,Mumbai,-58.42238,-15.95107,Cairo,Australia,0,0,Major,Weather
EVT000380,2019-09-22T11:50:00,TransContinental,TR6279,Bombardier Q400,Turboprop,New York,Toronto,-56.88053,-8.76959,New York,UK,0,0,Minor,Runway excursion
EVT000381,2017-08-22T22:09:00,SkyWays,SK3412,Airbus A320,Jet,Cairo,Mumbai,57.74412,29.86759,Berlin,Egypt,0,0,Unknown,Weather
EVT000382,2020-06-16T22:38:00,IslandAir,IS2428,Boeing 747,Jet,Sao Paulo,Toronto,-3.89264,-11.27095,Toronto,China,0,0,Minor,Runway excursion
EVT000383,2020-07-12T00:24:00,IslandAir,IS3315,Boeing 747,Jet,New York,Cairo,-36.51317,-86.71846,Sydney,Australia,0,0,Hull Loss,Pilot error
EVT000384,2019-03-08T12:36:00,IslandAir,IS4944,Bombardier Q400,Turboprop,Paris,Sao Paulo,-52.34445,116.23891,Sao Paulo,Australia,2,1,Minor,Runway excursion
EVT000385,2017-05-15T01:07:00,AeroExpress,AE5693,Bombardier Q400,Turboprop,Beijing,New York,36.69576,-28.43107,Mumbai,Egypt,0,0,Minor,Engine failure
EVT000386,2017-09-27T02:26:00,AeroExpress,AE236,Airbus A320,Jet,Berlin,Cairo,-29.31309,-99.42797,Sao Paulo,France,0,0,Unknown,Pilot error
EVT000387,2015-02-27T04:44:00,GlobalAir,GL8789,Airbus A320,Jet,Mumbai,Sydney,44.44393,-7.1644,Toronto,China,0,0,Hull Loss,Runway excursion
EVT000388,2016-06-21T11:02:00,TransContinental,TR7350,Bombardier Q400,Turboprop,Cairo,Sao Paulo,52.98058,-146.38103,Mumbai,China,0,0,Minor,Weather
EVT000389,2015-08-12T06:02:00,GlobalAir,GL7382,Boeing 737,Jet,Mumbai,Beijing,30.52887,10.64254,Beijing,Brazil,0,0,Major,Weather
EVT000390,2017-03-22T11:43:00,AeroExpress,AE1109,Airbus A320,Jet,Berlin,Beijing,46.34682,127.71076,Mumbai,Egypt,0,0,Minor,Weather
EVT000391,2018-03-11T02:36:00,TransContinental,TR9345,Airbus A330,Jet,New York,Berlin,46.31315,22.72918,Mumbai,UK,0,0,Major,Unknown
EVT000392,2015-02-08T07:54:00,IslandAir,IS1104,Boeing 747,Jet,Cairo,Beijing,-6.50995,-167.38201,Toronto,Canada,0,0,Minor,Weather
EVT000393,2018-03-18T05:59:00,IslandAir,IS4053,Embraer 190,Turboprop,Paris,London,14.59275,-57.27898,Toronto,USA,0,0,Hull Loss,Weather
EVT000394,2015-07-23T01:54:00,TransContinental,TR7324,Airbus A330,Jet,New York,Beijing,-53.54047,169.63866,Paris,China,0,0,Major,Unknown
EVT000395,2015-03-05T09:57:00,AeroExpress,AE1677,Airbus A320,Jet,Paris,Cairo,40.32718,5.23198,London,China,0,0,Major,Bird strike
EVT000396,2018-03-19T13:31:00,AeroExpress,AE4009,Airbus A320,Jet,New York,Sydney,33.34725,-32.77358,Cairo,China,0,0,Unknown,Weather
EVT000397,2017-10-11T18:37:00,TransContinental,TR1631,Airbus A320,Jet,Beijing,Sao Paulo,52.82351,-167.64344,Mumbai,Germany,0,0,Minor,Bird strike
EVT000398,2015-02-27T14:25:00,AeroExpress,AE5826,Boeing 747,Jet,Sydney,Cairo,-41.53179,-7.51191,Sao Paulo,Egypt,0,0,Unknown,Unknown
EVT000399,2016-11-10T13:17:00,AeroExpress,AE7315,Boeing 747,Jet,New York,Toronto,-19.41264,-113.14808,New York,Brazil,0,0,Major,Pilot error
EVT000400,2016-12-02T10:34:00,IslandAir,IS9413,Airbus A320,Jet,Paris,Sao Paulo,-14.77162,-149.48385,Sao Paulo,France,0,0,Unknown,Mid-air collision
EVT000401,2017-06-08T20:27:00,TransContinental,TR7367,Bombardier Q400,Turboprop,Mumbai,New York,26.61344,141.96333,Berlin,Germany,4,1,Unknown,Unknown
EVT000402,2019-06-02T23:41:00,GlobalAir,GL6433,Bombardier Q400,Turboprop,Berlin,New York,-18.67424,64.16775,Cairo,France,0,0,Unknown,Pilot error
EVT000403,2015-10-05T21:19:00,AeroExpress,AE658,Bombardier Q400,Turboprop,Beijing,Mumbai,27.09758,-23.6696,Berlin,China,0,0,Unknown,Bird strike
EVT000404,2015-08-13T17:57:00,AeroExpress,AE6141,Boeing 737,Jet,Mumbai,Beijing,-30.82088,-31.25581,Berlin,USA,4,0,Minor,Unknown
EVT000405,2019-04-01T00:45:00,IslandAir,IS4443,Boeing 737,Jet,Sydney,Berlin,33.2491,-125.45762,Sydney,India,0,0,Hull Loss,Runway excursion
EVT000406,2015-01-09T00:44:00,SkyWays,SK2259,Airbus A320,Jet,New York,Paris,-6.31559,-120.25387,Berlin,India,0,0,Minor,Pilot error
EVT000407,2018-01-11T11:36:00,NorthernFlights,NO5052,Boeing 737,Jet,Paris,Mumbai,45.81036,-81.26663,New York,UK,0,0,Major,Pilot error
EVT000408,2017-05-28T04:43:00,NorthernFlights,NO6096,Bombardier Q400,Turboprop,Sydney,New York,24.62031,135.09324,Berlin,France,1,2,Major,Engine failure
EVT000409,2019-05-27T18:30:00,GlobalAir,GL8503,Bombardier Q400,Turboprop,Sydney,Paris,29.32098,39.31187,Beijing,Brazil,0,0,Unknown,Unknown
EVT000410,2017-10-08T11:04:00,GlobalAir,GL6851,Embraer 190,Turboprop,Cairo,Paris,-39.11014,108.72207,Toronto,India,0,0,Hull Loss,Runway excursion
EVT000411,2017-10-22T13:26:00,IslandAir,IS585,Airbus A330,Jet,Mumbai,Toronto,-34.31412,54.41394,Paris,Germany,0,0,Unknown,Mid-air collision
EVT000412,2018-08-27T14:35:00,TransContinental,TR9649,Embraer 190,Turboprop,Sao Paulo,Cairo,-46.04584,99.61842,Sao Paulo,China,0,0,Minor,Mid-air collision
EVT000413,2020-11-27T15:12:00,AeroExpress,AE4390,Boeing 747,Jet,Sao Paulo,Beijing,-37.04919,-154.98776,Mumbai,UK,0,0,Major,Bird strike
EVT000414,2018-12-03T23:35:00,IslandAir,IS812,Embraer 190,Turboprop,Cairo,Sao Paulo,-51.2552,12.39541,Mumbai,China,0,0,Major,Engine failure
EVT000415,2015-08-02T11:38:00,GlobalAir,GL7718,Bombardier Q400,Turboprop,Beijing,Cairo,38.33276,-58.93518,Mumbai,Germany,0,0,Unknown,Pilot error
EVT000416,2018-10-03T15:14:00,IslandAir,IS7152,Airbus A330,Jet,Sydney,Mumbai,51.1881,163.71338,Beijing,Brazil,4,3,Minor,Mid-air collision
EVT000417,2017-09-07T09:52:00,TransContinental,TR1687,Airbus A330,Jet,London,New York,52.35341,63.13049,Cairo,India,0,0,Minor,Engine failure
EVT000418,2015-09-06T21:10:00,SkyWays,SK5832,Embraer 190,Turboprop,London,Berlin,32.41837,176.20153,London,UK,0,0,Unknown,Runway excursion
EVT000419,2017-04-05T17:12:00,TransContinental,TR3020,Bombardier Q400,Turboprop,Beijing,Sydney,54.70218,-89.04479,Cairo,Canada,0,0,Minor,Engine failure
EVT000420,2019-10-07T00:02:00,IslandAir,IS6410,Boeing 747,Jet,Beijing,London,7.00018,-152.78709,New York,Germany,0,0,Minor,Pilot error
EVT000421,2016-07-09T23:06:00,AeroExpress,AE3045,Embraer 190,Turboprop,Mumbai,Cairo,34.35538,-115.37005,Beijing,China,0,0,Major,Weather
EVT000422,2019-05-13T14:08:00,GlobalAir,GL6438,Airbus A320,Jet,Paris,New York,11.79453,30.82401,London,France,0,0,Major,Unknown
EVT000423,2019-06-19T23:45:00,NorthernFlights,NO240,Boeing 737,Jet,London,Sao Paulo,-16.53681,-61.52942,Cairo,USA,1,2,Hull Loss,Bird strike
EVT000424,2015-01-04T22:59:00,NorthernFlights,NO5880,Airbus A320,Jet,Berlin,New York,44.73514,-67.77788,Mumbai,Australia,0,0,Major,Pilot error
EVT000425,2015-10-12T01:19:00,NorthernFlights,NO7907,Airbus A330,Jet,Berlin,Toronto,-39.51023,-162.16612,New York,India,0,0,Hull Loss,Unknown
EVT000426,2015-08-06T16:51:00,AeroExpress,AE1384,Boeing 747,Jet,London,Paris,-48.74349,148.49962,Beijing,UK,0,0,Major,Bird strike
EVT000427,2019-09-04T22:19:00,TransContinental,TR3391,Bombardier Q400,Turboprop,Paris,Toronto,-43.61522,-17.72149,New York,Australia,0,0,Major,Weather
EVT000428,2015-03-29T12:22:00,NorthernFlights,NO8849,Boeing 737,Jet,New York,London,-57.90075,-155.50067,Paris,France,0,0,Unknown,Engine failure
EVT000429,2019-09-28T19:17:00,SkyWays,SK311,Airbus A320,Jet,Cairo,London,26.84024,41.40703,Mumbai,USA,0,0,Major,Runway excursion
EVT000430,2017-07-23T13:56:00,SkyWays,SK2888,Airbus A320,Jet,Sao Paulo,Sydney,48.55876,116.73407,Sydney,Germany,0,0,Major,Runway excursion
EVT000431,2017-06-29T23:15:00,NorthernFlights,NO6108,Airbus A320,Jet,Cairo,London,23.41915,3.22976,Berlin,Canada,2,1,Minor,Engine failure
EVT000432,2018-02-18T06:40:00,AeroExpress,AE4797,Bombardier Q400,Turboprop,Cairo,Paris,9.57753,-20.21117,Paris,UK,0,0,Hull Loss,Mid-air collision
EVT000433,2017-03-19T18:39:00,NorthernFlights,NO4974,Airbus A330,Jet,Mumbai,London,-55.9979,-68.04792,Berlin,Egypt,0,0,Unknown,Runway excursion
EVT000434,2020-12-26T15:05:00,TransContinental,TR7143,Boeing 737,Jet,Paris,Toronto,35.55814,-7.29797,Beijing,India,0,0,Hull Loss,Pilot error
EVT000435,2019-01-16T11:48:00,TransContinental,TR5831,Airbus A320,Jet,New York,Mumbai,26.44307,118.25882,Mumbai,Brazil,0,1,Major,Bird strike
EVT000436,2019-09-23T04:37:00,TransContinental,TR2754,Embraer 190,Turboprop,New York,Sao Paulo,37.67437,-39.0114,Sydney,France,0,0,Major,Weather
EVT000437,2020-02-12T02:51:00,NorthernFlights,NO1387,Boeing 747,Jet,London,New York,-34.75133,90.77261,Berlin,France,0,0,Minor,Engine failure
EVT000438,2020-09-03T00:04:00,AeroExpress,AE3601,Embraer 190,Turboprop,Mumbai,Paris,-56.24352,-144.58345,Cairo,India,0,0,Major,Mid-air collision
EVT000439,2017-09-20T20:47:00,AeroExpress,AE2631,Boeing 747,Jet,Mumbai,Sao Paulo,-26.56042,89.30399,Paris,Egypt,0,2,Minor,Mid-air collision
EVT000440,2018-01-14T08:08:00,GlobalAir,GL590,Bombardier Q400,Turboprop,Berlin,New York,53.68093,82.7876,Beijing,Germany,0,0,Hull Loss,Engine failure
EVT000441,2018-10-17T18:46:00,TransContinental,TR6154,Airbus A320,Jet,Paris,Berlin,-21.36391,-18.839,Mumbai,UK,0,0,Unknown,Bird strike
EVT000442,2019-01-13T01:21:00,IslandAir,IS9359,Embraer 190,Turboprop,Cairo,New York,-17.7237,9.37737,Toronto,China,0,0,Minor,Runway excursion
EVT000443,2018-06-18T21:02:00,IslandAir,IS2381,Boeing 737,Jet,Sao Paulo,New York,-36.723,164.64904,Cairo,China,0,0,Minor,Engine failure
EVT000444,2018-11-07T09:05:00,TransContinental,TR1923,Bombardier Q400,Turboprop,Mumbai,Cairo,13.48488,-0.54695,London,USA,0,0,Minor,Pilot error
EVT000445,2018-05-17T16:22:00,AeroExpress,AE3092,Embraer 190,Turboprop,Sao Paulo,New York,39.27321,81.57814,Sao Paulo,UK,0,1,Unknown,Pilot error
EVT000446,2017-08-17T08:17:00,AeroExpress,AE5609,Boeing 747,Jet,Paris,Beijing,-7.99331,-135.27688,Toronto,Germany,0,0,Minor,Pilot error
EVT000447,2015-04-04T04:11:00,AeroExpress,AE7922,Boeing 737,Jet,Mumbai,London,-23.49578,130.7904,Beijing,Australia,2,2,Minor,Mid-air collision
EVT000448,2015-08-07T19:32:00,NorthernFlights,NO5329,Boeing 737,Jet,Berlin,Toronto,18.09176,-157.81769,Sydney,Egypt,0,0,Unknown,Bird strike
EVT000449,2019-01-20T13:33:00,AeroExpress,AE7064,Airbus A330,Jet,Mumbai,Paris,-52.45799,-13.68884,Sao Paulo,France,0,0,Minor,Bird strike
EVT000450,2020-05-09T01:44:00,SkyWays,SK1367,Boeing 737,Jet,Cairo,Sao Paulo,17.2805,152.76524,Sydney,Egypt,0,0,Major,Bird strike
EVT000451,2020-10-25T13:16:00,AeroExpress,AE7559,Airbus A320,Jet,Sydney,Sao Paulo,-48.1344,-118.27574,Beijing,Germany,0,0,Unknown,Mid-air collision
EVT000452,2018-04-26T19:54:00,SkyWays,SK4244,Bombardier Q400,Turboprop,Sao Paulo,Paris,-39.05687,116.86939,Paris,India,0,0,Hull Loss,Mid-air collision
EVT000453,2019-01-23T21:32:00,SkyWays,SK9394,Boeing 737,Jet,Sao Paulo,Berlin,11.9566,113.24188,Sao Paulo,USA,0,0,Unknown,Bird strike
EVT000454,2016-11-09T22:58:00,SkyWays,SK3143,Bombardier Q400,Turboprop,Berlin,Mumbai,15.44496,105.75141,Sao Paulo,India,0,0,Minor,Pilot error
EVT000455,2016-12-03T05:15:00,TransContinental,TR1948,Boeing 737,Jet,Mumbai,Sao Paulo,22.92974,3.67562,Sao Paulo,Canada,3,2,Major,Pilot error
EVT000456,2015-05-11T07:26:00,AeroExpress,AE6446,Airbus A320,Jet,Paris,Cairo,4.34798,-14.24286,Beijing,France,0,0,Major,Bird strike
EVT000457,2015-12-26T02:04:00,IslandAir,IS9853,Boeing 737,Jet,Sydney,Sao Paulo,-57.66438,48.95283,Toronto,Germany,0,0,Minor,Unknown
EVT000458,2019-05-28T04:28:00,NorthernFlights,NO2166,Boeing 747,Jet,Sao Paulo,London,1.70689,-9.0863,Sao Paulo,Brazil,2,1,Major,Unknown
EVT000459,2020-12-25T01:31:00,IslandAir,IS6733,Boeing 747,Jet,Sao Paulo,Cairo,-47.54384,-53.29152,London,Canada,0,0,Hull Loss,Mid-air collision
EVT000460,2017-10-11T11:50:00,AeroExpress,AE1222,Airbus A320,Jet,Paris,London,-44.5969,4.57678,Berlin,China,0,0,Major,Unknown
EVT000461,2017-02-09T18:12:00,SkyWays,SK6394,Bombardier Q400,Turboprop,Sydney,Toronto,-27.89544,65.04376,Cairo,Brazil,0,0,Unknown,Unknown
EVT000462,2016-01-04T08:17:00,TransContinental,TR6399,Boeing 737,Jet,Mumbai,Sydney,40.75203,168.72834,Berlin,Australia,2,1,Major,Runway excursion
EVT000463,2017-07-26T10:42:00,SkyWays,SK5331,Bombardier Q400,Turboprop,Berlin,London,-18.89656,68.99843,Paris,Canada,4,1,Major,Pilot error
EVT000464,2019-02-10T17:53:00,NorthernFlights,NO9673,Bombardier Q400,Turboprop,Sydney,Berlin,-43.94227,-171.59753,Beijing,France,4,1,Unknown,Runway excursion
EVT000465,2015-01-16T15:06:00,GlobalAir,GL1144,Bombardier Q400,Turboprop,New York,Sao Paulo,14.0673,72.01634,Berlin,Germany,0,1,Unknown,Bird strike
EVT000466,2020-07-24T20:22:00,TransContinental,TR9398,Airbus A320,Jet,Sydney,New York,-13.10508,-108.44037,Beijing,China,0,0,Hull Loss,Bird strike
EVT000467,2016-03-24T23:44:00,GlobalAir,GL632,Bombardier Q400,Turboprop,Sao Paulo,Toronto,37.31259,-37.89058,Beijing,Egypt,0,0,Minor,Engine failure
EVT000468,2015-10-15T23:20:00,AeroExpress,AE8520,Embraer 190,Turboprop,Berlin,Mumbai,-0.19376,62.12814,London,India,0,0,Hull Loss,Weather
EVT000469,2020-02-29T23:22:00,IslandAir,IS7254,Embraer 190,Turboprop,Toronto,New York,-6.12446,160.47997,New York,China,0,0,Major,Bird strike
EVT000470,2016-11-26T01:37:00,AeroExpress,AE1364,Airbus A320,Jet,Mumbai,Berlin,11.8992,-54.72722,Beijing,Australia,0,0,Major,Mid-air collision
EVT000471,2018-11-30T01:19:00,TransContinental,TR2416,Embraer 190,Turboprop,Berlin,Sydney,21.51853,-125.9307,Sao Paulo,Canada,0,0,Major,Runway excursion
EVT000472,2015-10-10T15:57:00,NorthernFlights,NO2232,Airbus A320,Jet,Paris,Beijing,-50.94544,89.2804,Beijing,India,3,0,Hull Loss,Bird strike
EVT000473,2019-06-23T12:36:00,TransContinental,TR2588,Airbus A320,Jet,Beijing,Mumbai,-32.08203,119.72066,Paris,Canada,1,0,Hull Loss,Mid-air collision
EVT000474,2016-12-09T02:38:00,SkyWays,SK9273,Airbus A320,Jet,London,Sao Paulo,-56.2582,-104.58101,New York,Brazil,0,0,Unknown,Mid-air collision
EVT000475,2018-04-17T03:35:00,TransContinental,TR9297,Boeing 747,Jet,Cairo,Sydney,-38.28162,-139.58349,Sydney,Egypt,4,2,Minor,Mid-air collision
EVT000476,2016-08-09T04:51:00,SkyWays,SK1173,Boeing 747,Jet,Paris,Sao Paulo,-8.52108,106.00561,Berlin,France,0,0,Minor,Mid-air collision
EVT000477,2020-08-18T04:53:00,AeroExpress,AE9789,Airbus A330,Jet,New York,Beijing,41.88032,173.11436,Sao Paulo,Brazil,1,0,Hull Loss,Runway excursion
EVT000478,2019-02-17T21:36:00,SkyWays,SK1718,Boeing 747,Jet,Cairo,New York,-0.17152,-177.7724,Paris,Australia,0,0,Unknown,Engine failure
EVT000479,2017-11-24T01:09:00,NorthernFlights,NO7504,Boeing 737,Jet,Toronto,Cairo,-20.96414,-108.75215,Sydney,China,0,0,Hull Loss,Engine failure
EVT000480,2018-06-09T00:22:00,AeroExpress,AE7420,Boeing 747,Jet,Sydney,Paris,12.44998,73.65486,London,Germany,0,0,Unknown,Pilot error
EVT000481,2016-05-11T08:19:00,GlobalAir,GL6040,Boeing 747,Jet,Cairo,Toronto,-6.98216,131.54307,New York,USA,2,3,Minor,Weather
EVT000482,2020-06-28T07:22:00,TransContinental,TR2884,Bombardier Q400,Turboprop,Sao Paulo,London,57.71163,23.64048,Cairo,Australia,0,0,Major,Unknown
EVT000483,2017-01-09T03:49:00,TransContinental,TR5208,Boeing 747,Jet,Toronto,Berlin,-4.86241,5.74184,Sydney,China,0,0,Unknown,Engine failure
EVT000484,2015-04-17T01:59:00,NorthernFlights,NO3429,Boeing 737,Jet,Sydney,Beijing,51.2859,123.08258,Berlin,UK,0,0,Hull Loss,Pilot error
EVT000485,2019-02-02T19:14:00,NorthernFlights,NO9274,Bombardier Q400,Turboprop,Toronto,Sydney,54.04898,19.75256,New York,UK,0,0,Minor,Bird strike
EVT000486,2019-10-19T16:00:00,GlobalAir,GL4438,Bombardier Q400,Turboprop,Beijing,Mumbai,1.06351,6.20159,Cairo,UK,4,0,Major,Mid-air collision
EVT000487,2018-12-25T14:57:00,SkyWays,SK6304,Boeing 737,Jet,Sydney,Mumbai,-39.76986,-88.82608,Toronto,USA,0,0,Hull Loss,Unknown
EVT000488,2017-05-26T01:23:00,TransContinental,TR3393,Airbus A320,Jet,New York,Berlin,14.7151,-94.62568,London,Canada,2,2,Major,Runway excursion
EVT000489,2015-07-23T04:21:00,IslandAir,IS6424,Airbus A330,Jet,Toronto,Sao Paulo,-32.84103,-18.00306,Sydney,India,0,1,Unknown,Bird strike
EVT000490,2020-08-25T04:49:00,AeroExpress,AE5494,Airbus A320,Jet,Berlin,London,55.65288,-11.44535,Sydney,Australia,0,0,Minor,Bird strike
EVT000491,2017-07-14T03:55:00,NorthernFlights,NO2259,Embraer 190,Turboprop,Paris,Cairo,8.17151,63.25296,Sao Paulo,Canada,1,0,Unknown,Runway excursion
EVT000492,2016-09-24T02:21:00,NorthernFlights,NO2636,Airbus A320,Jet,Cairo,New York,23.11254,-77.74013,Mumbai,USA,0,0,Minor,Mid-air collision
EVT000493,2017-01-24T02:50:00,TransContinental,TR1305,Bombardier Q400,Turboprop,Toronto,Paris,17.96519,133.16025,New York,China,0,0,Hull Loss,Runway excursion
EVT000494,2015-04-04T01:07:00,GlobalAir,GL6529,Airbus A330,Jet,Cairo,Sydney,-0.09994,-156.83714,New York,Canada,0,0,Major,Bird strike
EVT000495,2019-12-05T05:36:00,NorthernFlights,NO848,Boeing 737,Jet,Berlin,New York,-29.58656,-99.31791,Beijing,Egypt,0,0,Hull Loss,Weather
EVT000496,2019-04-13T11:38:00,IslandAir,IS5154,Airbus A320,Jet,Cairo,Sydney,30.2782,148.17887,Sydney,Canada,2,2,Minor,Mid-air collision
EVT000497,2017-11-15T11:54:00,SkyWays,SK9749,Bombardier Q400,Turboprop,Berlin,Sao Paulo,-33.35979,-39.4777,Sydney,Canada,2,0,Hull Loss,Bird strike
EVT000498,2017-11-17T14:09:00,NorthernFlights,NO2793,Bombardier Q400,Turboprop,London,Beijing,10.5514,-124.6939,Sydney,China,0,0,Unknown,Weather
EVT000499,2017-07-09T05:39:00,NorthernFlights,NO5932,Boeing 737,Jet,Beijing,Toronto,-27.81763,-165.63765,Beijing,UK,0,0,Hull Loss,Bird strike
EVT000500,2020-06-14T01:00:00,NorthernFlights,NO5773,Boeing 747,Jet,Sydney,Paris,-10.77417,0.01327,Sydney,Brazil,0,0,Hull Loss,Pilot error
EVT000501,2016-02-27T19:12:00,SkyWays,SK8937,Embraer 190,Turboprop,London,Beijing,-15.10242,137.1664,New York,India,0,0,Major,Weather
EVT000502,2018-09-23T14:43:00,GlobalAir,GL5783,Bombardier Q400,Turboprop,Mumbai,Paris,-35.20645,-44.06685,Toronto,India,0,0,Unknown,Unknown
EVT000503,2015-12-11T17:20:00,AeroExpress,AE4887,Boeing 737,Jet,Mumbai,London,59.70207,-113.07989,Beijing,Australia,0,0,Hull Loss,Engine failure
EVT000504,2015-07-25T06:39:00,IslandAir,IS8870,Airbus A330,Jet,London,New York,-9.42747,-112.06246,London,USA,4,0,Minor,Bird strike
EVT000505,2015-03-13T11:23:00,TransContinental,TR6403,Airbus A330,Jet,Sao Paulo,Berlin,-53.51081,94.5387,London,UK,2,3,Unknown,Pilot error
EVT000506,2020-12-12T00:14:00,TransContinental,TR3611,Bombardier Q400,Turboprop,Paris,Sydney,-56.29881,97.04301,Mumbai,France,0,0,Major,Runway excursion
EVT000507,2020-06-14T22:01:00,NorthernFlights,NO4039,Airbus A330,Jet,Sydney,Beijing,-19.1356,-95.97998,Sao Paulo,China,0,0,Minor,Mid-air collision
EVT000508,2019-03-16T00:42:00,TransContinental,TR9936,Boeing 737,Jet,Toronto,London,53.98208,94.77116,London,Germany,0,0,Minor,Unknown
EVT000509,2019-01-16T21:06:00,AeroExpress,AE2666,Airbus A330,Jet,Mumbai,Sydney,1.35584,148.30631,Mumbai,Germany,0,1,Minor,Unknown
EVT000510,2019-11-28T10:47:00,SkyWays,SK9953,Embraer 190,Turboprop,Sao Paulo,Toronto,-29.51527,75.23147,Cairo,France,0,0,Hull Loss,Runway excursion
EVT000511,2018-11-29T06:03:00,IslandAir,IS9564,Embraer 190,Turboprop,Paris,London,41.43213,46.33256,Sydney,USA,0,0,Unknown,Weather
EVT000512,2016-01-15T04:10:00,SkyWays,SK7264,Airbus A330,Jet,Sydney,Cairo,-47.94278,-112.17122,Cairo,France,0,0,Major,Weather
EVT000513,2015-01-26T16:17:00,SkyWays,SK6182,Airbus A320,Jet,Cairo,London,49.24394,-29.0296,Paris,Egypt,0,0,Major,Weather
EVT000514,2017-04-28T14:42:00,NorthernFlights,NO274,Embraer 190,Turboprop,Beijing,Sao Paulo,-1.63589,-96.57469,Mumbai,Brazil,0,0,Major,Pilot error
EVT000515,2015-09-27T03:21:00,GlobalAir,GL7904,Airbus A330,Jet,Mumbai,Sydney,13.87354,140.27423,Mumbai,Canada,0,0,Minor,Unknown
EVT000516,2018-01-18T05:00:00,SkyWays,SK903,Boeing 747,Jet,Beijing,London,50.72795,-159.95893,Toronto,China,0,0,Unknown,Mid-air collision
EVT000517,2019-12-12T01:50:00,AeroExpress,AE4739,Airbus A330,Jet,Paris,Cairo,21.61315,-23.10246,Toronto,Egypt,0,0,Minor,Engine failure
EVT000518,2020-01-14T12:26:00,IslandAir,IS5318,Embraer 190,Turboprop,Toronto,New York,-50.79947,-68.59171,Toronto,China,0,1,Unknown,Mid-air collision
EVT000519,2020-01-19T02:40:00,SkyWays,SK1156,Boeing 737,Jet,Paris,Beijing,27.07268,75.28368,Beijing,Canada,0,0,Unknown,Mid-air collision
EVT000520,2017-03-03T13:12:00,GlobalAir,GL7408,Bombardier Q400,Turboprop,Berlin,Toronto,-11.69621,168.18451,Toronto,UK,0,0,Minor,Weather
EVT000521,2019-12-09T20:02:00,AeroExpress,AE431,Boeing 747,Jet,Sydney,Toronto,36.58652,24.99207,Berlin,China,0,0,Hull Loss,Bird strike
EVT000522,2020-06-19T08:31:00,TransContinental,TR8030,Bombardier Q400,Turboprop,Sao Paulo,Sydney,59.95434,138.87364,Sydney,USA,0,1,Major,Bird strike
EVT000523,2017-06-05T18:03:00,AeroExpress,AE1924,Boeing 747,Jet,Berlin,Toronto,30.16698,-147.2051,Cairo,Brazil,0,1,Hull Loss,Weather
EVT000524,2018-09-21T22:57:00,NorthernFlights,NO1579,Airbus A320,Jet,Beijing,Mumbai,49.4758,178.01627,Berlin,Egypt,0,0,Hull Loss,Pilot error
EVT000525,2017-05-19T10:39:00,TransContinental,TR5392,Boeing 737,Jet,Sydney,Beijing,-31.82138,84.19094,New York,China,0,0,Minor,Engine failure
EVT000526,2015-04-15T11:25:00,IslandAir,IS3422,Embraer 190,Turboprop,Toronto,New York,-49.65873,47.87262,Sao Paulo,Canada,0,0,Major,Weather
EVT000527,2017-06-22T01:16:00,GlobalAir,GL6918,Boeing 737,Jet,Sydney,Berlin,-12.26705,47.67153,Mumbai,Canada,0,0,Minor,Bird strike
EVT000528,2015-10-10T10:52:00,GlobalAir,GL2833,Boeing 737,Jet,Cairo,Sao Paulo,-10.43086,48.38125,Mumbai,UK,0,0,Unknown,Engine failure
EVT000529,2017-12-15T21:21:00,GlobalAir,GL5485,Boeing 747,Jet,Beijing,Berlin,-26.58891,26.43842,Sydney,Brazil,3,0,Major,Weather
EVT000530,2017-11-27T15:05:00,IslandAir,IS6051,Boeing 747,Jet,London,New York,-17.67031,-177.31256,New York,Australia,0,0,Hull Loss,Mid-air collision
EVT000531,2016-08-14T00:40:00,SkyWays,SK2715,Airbus A320,Jet,Mumbai,Beijing,1.03855,144.77768,Toronto,China,0,0,Unknown,Runway excursion
EVT000532,2015-12-31T04:00:00,NorthernFlights,NO8534,Airbus A330,Jet,Beijing,New York,58.51861,-119.33387,Mumbai,France,0,0,Minor,Weather
EVT000533,2020-10-15T11:41:00,TransContinental,TR1928,Bombardier Q400,Turboprop,Berlin,New York,7.24838,98.22822,Sydney,Canada,0,0,Hull Loss,Pilot error
EVT000534,2015-08-21T18:41:00,TransContinental,TR4094,Boeing 737,Jet,Beijing,Sao Paulo,17.50593,17.69758,Paris,China,0,0,Minor,Pilot error
EVT000535,2019-01-20T07:27:00,GlobalAir,GL1699,Airbus A320,Jet,London,Sao Paulo,34.92367,19.74416,Cairo,Canada,0,0,Minor,Unknown
EVT000536,2020-02-18T13:23:00,GlobalAir,GL8359,Bombardier Q400,Turboprop,Sao Paulo,Berlin,-28.25866,-158.84621,Beijing,India,2,0,Unknown,Mid-air collision
EVT000537,2017-09-12T15:24:00,TransContinental,TR824,Boeing 737,Jet,Cairo,Toronto,-49.96762,-125.53895,Paris,Australia,0,0,Minor,Unknown
EVT000538,2015-04-04T03:30:00,TransContinental,TR4820,Boeing 747,Jet,Sao Paulo,Beijing,35.51382,53.45597,London,Canada,0,0,Minor,Weather
EVT000539,2017-02-17T16:42:00,AeroExpress,AE548,Boeing 737,Jet,Toronto,Berlin,-33.57021,116.98916,Beijing,USA,0,0,Major,Weather
EVT000540,2018-05-17T09:35:00,NorthernFlights,NO6127,Boeing 737,Jet,New York,Berlin,48.0012,-154.32448,Mumbai,France,1,0,Major,Weather
EVT000541,2019-11-02T16:16:00,GlobalAir,GL236,Embraer 190,Turboprop,London,New York,38.75735,-26.74598,New York,Australia,0,1,Hull Loss,Pilot error
EVT000542,2018-03-10T03:48:00,AeroExpress,AE7869,Embraer 190,Turboprop,Mumbai,London,-34.51741,-83.29757,Sao Paulo,Egypt,0,0,Minor,Mid-air collision
EVT000543,2017-07-21T23:46:00,IslandAir,IS7748,Embraer 190,Turboprop,Berlin,Mumbai,17.76137,12.54275,Sydney,USA,0,0,Unknown,Weather
EVT000544,2015-08-15T12:36:00,IslandAir,IS7142,Bombardier Q400,Turboprop,Beijing,Cairo,-31.77642,33.31532,Mumbai,Australia,0,0,Major,Bird strike
EVT000545,2018-08-19T03:21:00,NorthernFlights,NO6792,Bombardier Q400,Turboprop,Mumbai,Paris,-44.73562,-27.12523,Toronto,France,0,0,Unknown,Mid-air collision
EVT000546,2020-03-09T03:54:00,IslandAir,IS9111,Boeing 737,Jet,Sydney,London,22.2815,-169.04574,New York,Australia,0,0,Unknown,Runway excursion
EVT000547,2018-01-24T02:18:00,AeroExpress,AE6273,Embraer 190,Turboprop,Mumbai,Cairo,-39.25443,140.16432,Cairo,USA,0,0,Unknown,Mid-air collision
EVT000548,2020-07-26T21:20:00,AeroExpress,AE3327,Embraer 190,Turboprop,Beijing,New York,-22.57562,-105.11652,New York,India,0,0,Unknown,Runway excursion
EVT000549,2020-01-24T02:10:00,TransContinental,TR5346,Bombardier Q400,Turboprop,Berlin,Cairo,34.41371,-60.68206,Berlin,Brazil,0,0,Minor,Engine failure
EVT000550,2018-04-27T13:29:00,IslandAir,IS6887,Boeing 737,Jet,Beijing,Mumbai,52.21146,152.98266,Beijing,USA,0,0,Minor,Runway excursion
EVT000551,2019-09-26T08:02:00,NorthernFlights,NO5627,Airbus A320,Jet,Cairo,Berlin,9.38542,-120.10123,New York,Egypt,0,0,Hull Loss,Unknown
EVT000552,2015-02-16T09:30:00,GlobalAir,GL2240,Airbus A330,Jet,Berlin,New York,20.38427,94.17652,Paris,Germany,0,0,Unknown,Pilot error
EVT000553,2018-11-08T10:58:00,GlobalAir,GL7334,Embraer 190,Turboprop,Sydney,New York,-25.91496,-96.77997,Mumbai,Canada,0,0,Minor,Unknown
EVT000554,2016-04-14T11:10:00,TransContinental,TR6706,Bombardier Q400,Turboprop,Toronto,Beijing,17.94733,-24.75103,Berlin,UK,0,0,Minor,Mid-air collision
EVT000555,2018-10-10T05:31:00,IslandAir,IS4234,Airbus A320,Jet,Berlin,Paris,-30.00953,0.84518,Sao Paulo,Germany,1,1,Unknown,Runway excursion
EVT000556,2017-11-16T21:24:00,IslandAir,IS4645,Embraer 190,Turboprop,Mumbai,Cairo,-1.71451,166.49063,Toronto,Egypt,0,0,Hull Loss,Weather
EVT000557,2020-02-03T18:17:00,TransContinental,TR2680,Airbus A320,Jet,Toronto,Paris,4.73452,-134.62205,Beijing,Canada,0,0,Major,Weather
EVT000558,2018-02-01T02:18:00,GlobalAir,GL5444,Airbus A330,Jet,New York,Mumbai,-34.14955,40.8472,Beijing,USA,0,0,Unknown,Weather
EVT000559,2019-01-24T17:13:00,SkyWays,SK9150,Boeing 737,Jet,Cairo,Mumbai,-16.82428,121.43955,Paris,China,0,0,Unknown,Weather
EVT000560,2018-09-08T06:20:00,NorthernFlights,NO5117,Airbus A330,Jet,Beijing,Berlin,-57.96403,145.58005,New York,Canada,0,0,Hull Loss,Mid-air collision
EVT000561,2015-11-04T05:06:00,TransContinental,TR5988,Boeing 747,Jet,Paris,Mumbai,-24.12828,-92.92197,New York,France,0,0,Unknown,Weather
EVT000562,2015-11-10T10:36:00,TransContinental,TR1287,Airbus A330,Jet,Mumbai,Cairo,49.58705,134.31569,Sao Paulo,Germany,0,0,Major,Engine failure
EVT000563,2018-05-16T06:29:00,GlobalAir,GL2199,Boeing 747,Jet,New York,Sydney,55.27675,-171.93281,London,China,0,1,Hull Loss,Pilot error
EVT000564,2015-09-23T00:34:00,NorthernFlights,NO6136,Boeing 737,Jet,Berlin,New York,-13.94715,24.73915,Paris,Canada,0,0,Minor,Weather
EVT000565,2018-08-13T07:21:00,NorthernFlights,NO7185,Boeing 747,Jet,London,Paris,-56.2219,39.19303,Sydney,Canada,0,0,Major,Weather
EVT000566,2016-06-07T03:58:00,SkyWays,SK7444,Airbus A320,Jet,Sao Paulo,Berlin,40.33911,-125.21049,Sao Paulo,Germany,0,0,Major,Mid-air collision
EVT000567,2015-12-03T19:17:00,SkyWays,SK4979,Airbus A330,Jet,Mumbai,Sao Paulo,22.58546,175.73578,Toronto,Brazil,0,0,Hull Loss,Bird strike
EVT000568,2019-03-01T06:04:00,GlobalAir,GL6085,Embraer 190,Turboprop,Toronto,Sydney,23.60307,156.30948,Toronto,UK,0,0,Minor,Weather
EVT000569,2019-06-07T10:37:00,IslandAir,IS3914,Boeing 737,Jet,Sydney,Berlin,57.54206,116.11463,Paris,China,3,1,Unknown,Engine failure
EVT000570,2019-07-23T08:12:00,SkyWays,SK5570,Bombardier Q400,Turboprop,New York,Sydney,12.65015,44.26645,Beijing,France,0,0,Minor,Pilot error
EVT000571,2019-08-11T05:52:00,AeroExpress,AE711,Airbus A320,Jet,Beijing,Sydney,53.63595,95.10601,Cairo,China,0,0,Major,Bird strike
EVT000572,2016-02-13T11:30:00,AeroExpress,AE8650,Boeing 747,Jet,Sao Paulo,Beijing,-27.7089,163.53041,Sydney,Australia,0,0,Major,Weather
EVT000573,2019-01-29T14:57:00,AeroExpress,AE1334,Boeing 737,Jet,Paris,Sao Paulo,-10.17956,-153.15389,New York,Brazil,0,0,Hull Loss,Pilot error
EVT000574,2019-09-27T04:00:00,AeroExpress,AE9748,Airbus A330,Jet,Sao Paulo,Paris,13.59584,161.9857,Paris,China,0,0,Unknown,Pilot error
EVT000575,2019-12-10T17:45:00,TransContinental,TR8269,Bombardier Q400,Turboprop,Sydney,New York,-59.37612,171.69085,Berlin,Egypt,0,0,Unknown,Mid-air collision
EVT000576,2015-08-30T01:26:00,TransContinental,TR967,Boeing 747,Jet,Toronto,New York,-31.17193,159.43965,Berlin,Brazil,0,0,Unknown,Engine failure
EVT000577,2017-08-27T16:51:00,SkyWays,SK7406,Airbus A320,Jet,Beijing,Cairo,-4.97527,-53.11569,Sydney,India,1,1,Minor,Weather
EVT000578,2015-12-12T11:56:00,NorthernFlights,NO1291,Airbus A330,Jet,Mumbai,Sao Paulo,-58.97628,128.30309,Beijing,Australia,0,1,Minor,Bird strike
EVT000579,2016-01-03T19:47:00,TransContinental,TR3322,Airbus A320,Jet,Beijing,New York,-54.68267,-128.50427,London,Brazil,0,0,Major,Runway excursion
EVT000580,2015-02-19T13:54:00,AeroExpress,AE4661,Boeing 747,Jet,Toronto,London,31.17414,-14.84524,New York,USA,0,0,Major,Runway excursion
EVT000581,2017-09-20T20:37:00,GlobalAir,GL1856,Embraer 190,Turboprop,Paris,Cairo,1.27501,-159.60558,Cairo,China,0,0,Minor,Mid-air collision
EVT000582,2018-07-30T04:16:00,NorthernFlights,NO2266,Embraer 190,Turboprop,Toronto,Sydney,-33.52288,168.53831,Sao Paulo,USA,0,0,Hull Loss,Engine failure
EVT000583,2019-07-30T03:27:00,TransContinental,TR4046,Boeing 747,Jet,Sydney,Cairo,-25.29739,23.51194,Sao Paulo,Canada,0,0,Hull Loss,Bird strike
EVT000584,2019-10-26T06:24:00,NorthernFlights,NO1493,Boeing 737,Jet,Sydney,Berlin,32.99598,96.61313,New York,Brazil,0,0,Major,Weather
EVT000585,2016-08-12T05:27:00,AeroExpress,AE9388,Airbus A320,Jet,Sao Paulo,Paris,-40.16427,-91.81709,Paris,Egypt,0,0,Unknown,Runway excursion
EVT000586,2019-07-11T12:26:00,SkyWays,SK6118,Airbus A330,Jet,Cairo,Beijing,-24.10508,-131.56686,Paris,UK,0,0,Hull Loss,Runway excursion
EVT000587,2018-05-15T13:54:00,TransContinental,TR1705,Embraer 190,Turboprop,Paris,New York,-28.09325,71.83121,Toronto,Canada,0,0,Hull Loss,Unknown
EVT000588,2016-12-17T00:52:00,NorthernFlights,NO7119,Airbus A330,Jet,Sydney,Berlin,9.1009,29.50718,Paris,Canada,0,0,Major,Runway excursion
EVT000589,2018-11-24T22:58:00,NorthernFlights,NO5359,Embraer 190,Turboprop,Cairo,Sao Paulo,-7.06043,-40.92567,Cairo,UK,0,0,Hull Loss,Engine failure
EVT000590,2018-02-18T20:52:00,IslandAir,IS1104,Embraer 190,Turboprop,Paris,New York,20.74372,-62.47786,London,Brazil,0,0,Hull Loss,Pilot error
EVT000591,2018-03-05T20:41:00,IslandAir,IS3258,Airbus A330,Jet,Beijing,Cairo,-44.23,-24.19993,Berlin,India,0,0,Unknown,Runway excursion
EVT000592,2015-05-20T22:11:00,AeroExpress,AE1621,Bombardier Q400,Turboprop,Sydney,New York,35.49826,155.49289,Sydney,Australia,0,0,Unknown,Weather
EVT000593,2020-11-30T02:18:00,GlobalAir,GL3109,Airbus A320,Jet,Berlin,Sydney,31.70797,-179.26168,Toronto,UK,0,0,Hull Loss,Pilot error
EVT000594,2020-03-18T03:09:00,SkyWays,SK4236,Boeing 737,Jet,Beijing,Toronto,6.19716,2.18503,Sydney,Brazil,0,0,Major,Engine failure
EVT000595,2017-11-24T13:51:00,AeroExpress,AE4062,Airbus A330,Jet,Toronto,Beijing,-7.77729,158.8634,Mumbai,India,0,0,Unknown,Engine failure
EVT000596,2017-12-24T01:26:00,IslandAir,IS3780,Boeing 747,Jet,Cairo,Sao Paulo,-42.4047,98.33445,Toronto,India,0,0,Hull Loss,Unknown
EVT000597,2016-11-26T07:07:00,TransContinental,TR5890,Bombardier Q400,Turboprop,Toronto,Paris,4.77183,26.5974,Sao Paulo,India,1,1,Hull Loss,Bird strike
EVT000598,2020-10-29T00:57:00,IslandAir,IS3533,Airbus A330,Jet,Sao Paulo,Toronto,-0.34002,130.74537,Beijing,Germany,0,0,Unknown,Bird strike
EVT000599,2017-11-23T18:16:00,TransContinental,TR3336,Airbus A330,Jet,London,New York,57.01336,-168.70355,Paris,Brazil,0,1,Unknown,Runway excursion
EVT000600,2017-09-14T20:10:00,TransContinental,TR4001,Boeing 747,Jet,Berlin,Sao Paulo,24.86351,101.27939,Paris,France,2,0,Hull Loss,Pilot error
EVT000601,2020-04-30T07:52:00,AeroExpress,AE7660,Embraer 190,Turboprop,Sao Paulo,London,2.03878,137.03909,Beijing,China,0,1,Major,Mid-air collision
EVT000602,2016-12-16T17:19:00,SkyWays,SK2467,Boeing 747,Jet,Mumbai,Sydney,5.88121,-165.66411,Paris,USA,0,0,Hull Loss,Engine failure
EVT000603,2017-12-13T05:24:00,TransContinental,TR3554,Boeing 737,Jet,Cairo,New York,28.83882,-95.54603,New York,France,0,0,Hull Loss,Mid-air collision
EVT000604,2019-02-24T02:16:00,SkyWays,SK8617,Boeing 747,Jet,Toronto,London,-24.4264,-45.85756,Paris,China,0,0,Major,Engine failure
EVT000605,2018-03-11T21:40:00,SkyWays,SK3523,Boeing 747,Jet,Cairo,Sao Paulo,34.14665,2.59634,Berlin,France,0,0,Minor,Mid-air collision
EVT000606,2015-06-23T15:38:00,SkyWays,SK1777,Embraer 190,Turboprop,Mumbai,London,30.76321,61.43764,Paris,UK,2,1,Hull Loss,Runway excursion
EVT000607,2015-05-05T06:09:00,AeroExpress,AE1505,Airbus A320,Jet,Mumbai,Beijing,-39.04276,55.44503,Mumbai,UK,0,0,Minor,Engine failure
EVT000608,2015-12-18T02:33:00,SkyWays,SK3078,Airbus A330,Jet,Sydney,Cairo,-9.78428,-31.24022,Sydney,France,0,0,Major,Bird strike
EVT000609,2018-05-05T13:22:00,GlobalAir,GL4120,Airbus A320,Jet,Sao Paulo,London,14.30649,69.49087,Beijing,Brazil,0,0,Major,Unknown
EVT000610,2018-01-26T17:28:00,NorthernFlights,NO3902,Embraer 190,Turboprop,Beijing,Mumbai,-11.71851,-83.494,Sydney,India,0,0,Unknown,Engine failure
EVT000611,2015-06-19T16:36:00,GlobalAir,GL1593,Airbus A320,Jet,Sydney,Paris,40.27196,113.28816,Berlin,Canada,0,0,Hull Loss,Runway excursion
EVT000612,2019-03-19T16:34:00,SkyWays,SK5055,Embraer 190,Turboprop,Berlin,New York,-32.45354,-45.94409,Toronto,Germany,0,0,Unknown,Runway excursion
EVT000613,2015-05-19T04:30:00,GlobalAir,GL5143,Embraer 190,Turboprop,Paris,Toronto,-19.47921,-9.89406,Mumbai,France,0,0,Hull Loss,Mid-air collision
EVT000614,2015-01-31T12:05:00,SkyWays,SK6292,Boeing 737,Jet,Mumbai,New York,-34.11291,87.74422,London,Egypt,0,0,Unknown,Unknown
EVT000615,2015-03-01T02:53:00,IslandAir,IS4310,Boeing 747,Jet,Sao Paulo,Toronto,6.78657,-86.71939,Berlin,India,0,0,Minor,Bird strike
EVT000616,2020-09-20T10:10:00,AeroExpress,AE3329,Airbus A320,Jet,New York,Toronto,27.69929,44.97878,Cairo,Brazil,3,0,Hull Loss,Bird strike
EVT000617,2020-07-02T11:50:00,SkyWays,SK1117,Embraer 190,Turboprop,Sao Paulo,New York,-1.65825,-65.24728,Sydney,Brazil,3,1,Unknown,Weather
EVT000618,2017-07-17T00:24:00,GlobalAir,GL4095,Airbus A320,Jet,Beijing,Berlin,35.93873,-119.91649,Beijing,Germany,0,0,Major,Engine failure
EVT000619,2016-02-13T03:56:00,NorthernFlights,NO3478,Embraer 190,Turboprop,Sao Paulo,Berlin,48.32691,163.01303,Mumbai,Australia,2,0,Major,Bird strike
EVT000620,2020-06-06T00:50:00,AeroExpress,AE5889,Airbus A330,Jet,London,New York,-9.58329,-106.2076,Toronto,Germany,0,0,Hull Loss,Weather
EVT000621,2017-03-19T20:57:00,NorthernFlights,NO3078,Bombardier Q400,Turboprop,Beijing,Sao Paulo,-47.58667,-102.92004,Paris,USA,0,0,Hull Loss,Unknown
EVT000622,2018-04-05T10:54:00,TransContinental,TR3547,Bombardier Q400,Turboprop,Toronto,Sydney,17.61991,68.18273,Toronto,UK,0,0,Unknown,Mid-air collision
EVT000623,2020-01-24T08:22:00,IslandAir,IS6511,Embraer 190,Turboprop,Mumbai,Sao Paulo,5.44414,58.81722,Sydney,Canada,2,0,Unknown,Unknown
EVT000624,2019-10-01T07:48:00,GlobalAir,GL2487,Boeing 737,Jet,Sydney,London,-27.07164,178.26558,New York,France,0,0,Unknown,Bird strike
EVT000625,2018-04-25T14:56:00,SkyWays,SK1283,Embraer 190,Turboprop,London,New York,-6.28108,-85.22463,Sao Paulo,Germany,0,0,Major,Engine failure
EVT000626,2020-01-07T20:28:00,TransContinental,TR9388,Bombardier Q400,Turboprop,London,Berlin,-1.03932,168.16811,Sydney,China,0,0,Hull Loss,Unknown
EVT000627,2019-08-21T20:00:00,TransContinental,TR6842,Embraer 190,Turboprop,Sao Paulo,New York,-24.11215,-153.63234,Paris,Egypt,0,0,Hull Loss,Weather
EVT000628,2020-01-13T10:13:00,GlobalAir,GL7539,Boeing 747,Jet,Sydney,Mumbai,-43.46536,140.41687,Mumbai,UK,0,0,Major,Runway excursion
EVT000629,2016-11-29T06:22:00,TransContinental,TR6187,Bombardier Q400,Turboprop,Paris,London,-58.78837,133.94638,Berlin,USA,0,0,Minor,Bird strike
EVT000630,2019-09-12T03:55:00,IslandAir,IS7058,Airbus A330,Jet,New York,Cairo,48.72149,-33.51334,Sao Paulo,Brazil,0,0,Minor,Mid-air collision
EVT000631,2017-09-16T05:43:00,NorthernFlights,NO5826,Bombardier Q400,Turboprop,Sydney,London,-8.6703,-151.79681,Toronto,China,0,0,Unknown,Unknown
EVT000632,2017-09-25T20:36:00,AeroExpress,AE8058,Airbus A320,Jet,London,Sydney,51.48999,105.53228,Beijing,UK,0,2,Minor,Unknown
EVT000633,2020-09-11T08:29:00,IslandAir,IS5176,Airbus A330,Jet,Sydney,Paris,-13.32843,173.28977,Toronto,Brazil,0,0,Minor,Pilot error
EVT000634,2019-08-20T02:48:00,AeroExpress,AE1718,Airbus A330,Jet,New York,Sydney,-29.45109,-71.98554,Sao Paulo,UK,0,0,Unknown,Pilot error
EVT000635,2019-10-28T12:08:00,IslandAir,IS7109,Bombardier Q400,Turboprop,Mumbai,Berlin,58.42896,1.12328,Mumbai,UK,0,0,Unknown,Engine failure
EVT000636,2015-04-01T11:55:00,SkyWays,SK4199,Embraer 190,Turboprop,New York,Sydney,51.48294,-136.03743,London,China,0,0,Major,Engine failure
EVT000637,2020-11-21T09:45:00,GlobalAir,GL6928,Embraer 190,Turboprop,New York,Sydney,-47.86893,-22.82582,Cairo,Egypt,0,0,Major,Runway excursion
EVT000638,2015-11-20T03:01:00,AeroExpress,AE732,Boeing 737,Jet,Paris,Beijing,-50.63109,-59.02258,London,Australia,0,0,Unknown,Bird strike
EVT000639,2015-04-27T01:13:00,TransContinental,TR2127,Embraer 190,Turboprop,Sao Paulo,Paris,55.94483,-64.03742,London,Egypt,0,0,Minor,Mid-air collision
EVT000640,2020-01-19T15:09:00,IslandAir,IS7812,Bombardier Q400,Turboprop,Toronto,Berlin,56.23161,-23.84826,Sao Paulo,India,3,5,Minor,Pilot error
EVT000641,2016-10-17T18:45:00,TransContinental,TR3787,Embraer 190,Turboprop,London,Cairo,35.15914,77.34757,London,Australia,0,0,Minor,Weather
EVT000642,2016-01-16T20:36:00,SkyWays,SK761,Boeing 747,Jet,London,Beijing,33.83979,4.59483,Sydney,USA,0,0,Hull Loss,Engine failure
EVT000643,2015-05-17T14:04:00,NorthernFlights,NO7916,Boeing 747,Jet,New York,Cairo,50.06616,118.87327,Sydney,France,1,0,Major,Engine failure
EVT000644,2019-06-06T16:12:00,NorthernFlights,NO1330,Airbus A320,Jet,Sydney,New York,-42.21811,175.70411,Sao Paulo,Germany,0,0,Hull Loss,Engine failure
EVT000645,2020-07-15T00:46:00,TransContinental,TR3196,Boeing 737,Jet,Toronto,Beijing,32.85341,37.04947,Sao Paulo,UK,0,0,Minor,Bird strike
EVT000646,2015-11-19T12:20:00,GlobalAir,GL326,Airbus A330,Jet,Beijing,Mumbai,14.96261,-0.74903,Mumbai,China,0,0,Major,Pilot error
EVT000647,2020-07-26T22:47:00,NorthernFlights,NO4762,Airbus A320,Jet,New York,London,-13.42187,127.79392,Sydney,China,0,0,Major,Bird strike
EVT000648,2015-10-09T06:12:00,AeroExpress,AE147,Boeing 747,Jet,London,Beijing,-17.5914,-22.78686,Beijing,UK,0,0,Unknown,Bird strike
EVT000649,2019-07-13T20:11:00,AeroExpress,AE5936,Boeing 747,Jet,Toronto,Berlin,-39.81732,12.68158,Berlin,India,0,1,Minor,Mid-air collision
EVT000650,2016-02-27T15:09:00,NorthernFlights,NO7281,Embraer 190,Turboprop,Mumbai,Sao Paulo,19.14925,105.62016,Paris,Canada,0,0,Minor,Runway excursion
EVT000651,2015-05-02T22:08:00,SkyWays,SK9960,Bombardier Q400,Turboprop,London,Paris,58.58263,-128.03536,New York,Australia,0,0,Major,Unknown
EVT000652,2020-03-31T12:55:00,SkyWays,SK9855,Boeing 747,Jet,Berlin,Sydney,-7.49457,-40.09192,New York,France,0,0,Unknown,Engine failure
EVT000653,2015-04-04T16:42:00,SkyWays,SK4789,Airbus A330,Jet,London,Cairo,-17.71209,22.04878,New York,Germany,0,0,Hull Loss,Bird strike
EVT000654,2019-05-09T18:43:00,NorthernFlights,NO8918,Embraer 190,Turboprop,Paris,Toronto,35.74216,174.03291,Beijing,Germany,0,0,Minor,Weather
EVT000655,2016-09-05T18:09:00,TransContinental,TR2137,Boeing 737,Jet,Berlin,Cairo,21.72876,-61.14443,Beijing,UK,0,0,Hull Loss,Weather
EVT000656,2015-05-05T08:14:00,NorthernFlights,NO3886,Boeing 747,Jet,New York,Beijing,-41.36154,-3.83312,Berlin,Egypt,0,0,Major,Runway excursion
EVT000657,2020-04-15T19:53:00,TransContinental,TR8656,Airbus A330,Jet,Sydney,London,49.95929,-75.17171,Sydney,Canada,0,0,Major,Pilot error
EVT000658,2016-11-04T06:20:00,GlobalAir,GL5860,Airbus A330,Jet,Sao Paulo,Berlin,-26.43961,-59.14424,Sydney,Canada,0,0,Unknown,Engine failure
EVT000659,2018-09-15T20:15:00,IslandAir,IS6441,Boeing 737,Jet,Sao Paulo,New York,3.47043,-139.00417,Cairo,Germany,0,0,Minor,Weather
EVT000660,2015-08-15T01:31:00,TransContinental,TR1370,Airbus A320,Jet,Cairo,Paris,19.35373,136.68259,Beijing,India,0,0,Minor,Runway excursion
EVT000661,2016-11-30T08:26:00,NorthernFlights,NO8643,Bombardier Q400,Turboprop,Sao Paulo,Mumbai,41.68652,-15.515,Sao Paulo,China,0,0,Major,Runway excursion
EVT000662,2020-06-26T03:59:00,IslandAir,IS3781,Boeing 747,Jet,Sao Paulo,Berlin,-7.41665,112.76575,Toronto,China,0,0,Major,Weather
EVT000663,2018-05-08T01:47:00,TransContinental,TR3942,Boeing 747,Jet,Berlin,Mumbai,-37.04596,-166.59713,Berlin,France,0,0,Major,Unknown
EVT000664,2019-11-01T09:13:00,NorthernFlights,NO2040,Airbus A330,Jet,London,Berlin,34.79038,-66.15648,New York,USA,0,0,Major,Weather
EVT000665,2020-06-07T20:19:00,GlobalAir,GL3793,Bombardier Q400,Turboprop,New York,Berlin,-51.52711,-41.28314,Beijing,USA,0,0,Minor,Bird strike
EVT000666,2019-04-09T08:28:00,TransContinental,TR4181,Airbus A320,Jet,Mumbai,Toronto,53.69711,-166.2592,Mumbai,Canada,0,0,Hull Loss,Runway excursion
EVT000667,2019-02-13T11:20:00,NorthernFlights,NO8275,Boeing 737,Jet,Sydney,Cairo,33.03977,108.81949,Sydney,Germany,0,0,Hull Loss,Runway excursion
EVT000668,2019-01-24T22:14:00,AeroExpress,AE7904,Bombardier Q400,Turboprop,Mumbai,Cairo,-17.31443,23.23099,Cairo,Brazil,0,0,Minor,Bird strike
EVT000669,2016-06-21T19:41:00,TransContinental,TR640,Airbus A320,Jet,Paris,Beijing,-25.9817,116.70548,Sao Paulo,Germany,0,0,Major,Engine failure
EVT000670,2018-12-03T00:31:00,SkyWays,SK7027,Boeing 747,Jet,Beijing,New York,-50.41766,-142.45435,London,China,0,0,Unknown,Pilot error
EVT000671,2016-09-08T00:52:00,SkyWays,SK6268,Boeing 737,Jet,London,Mumbai,-42.10859,77.92253,Sydney,Germany,0,0,Hull Loss,Bird strike
EVT000672,2017-10-26T23:57:00,SkyWays,SK921,Airbus A320,Jet,Sao Paulo,London,-47.26074,159.92315,Sao Paulo,India,0,0,Major,Unknown
EVT000673,2016-09-22T14:57:00,SkyWays,SK3733,Boeing 747,Jet,London,Paris,31.66814,-49.01104,Berlin,Australia,0,0,Major,Mid-air collision
EVT000674,2019-02-25T20:01:00,TransContinental,TR9010,Airbus A330,Jet,Paris,Mumbai,-50.20117,142.17006,New York,Egypt,0,0,Hull Loss,Engine failure
EVT000675,2017-09-26T15:27:00,NorthernFlights,NO7470,Airbus A320,Jet,Sydney,New York,-44.31578,-101.73875,Beijing,Brazil,0,0,Unknown,Runway excursion
EVT000676,2019-07-21T03:07:00,NorthernFlights,NO9118,Embraer 190,Turboprop,New York,Mumbai,-59.20842,-75.50454,Mumbai,Australia,0,1,Hull Loss,Unknown
EVT000677,2019-10-07T14:21:00,AeroExpress,AE5632,Boeing 747,Jet,London,Toronto,3.77105,115.94233,Cairo,Germany,0,0,Major,Bird strike
EVT000678,2015-09-04T19:31:00,IslandAir,IS6943,Embraer 190,Turboprop,Beijing,London,55.06919,-134.5399,Sydney,Australia,2,0,Hull Loss,Runway excursion
EVT000679,2015-02-27T22:54:00,AeroExpress,AE7489,Airbus A320,Jet,London,Cairo,48.17467,-147.01864,Berlin,USA,0,0,Minor,Engine failure
EVT000680,2016-08-06T23:28:00,SkyWays,SK6828,Airbus A320,Jet,Mumbai,Berlin,-23.64862,-13.5671,New York,Brazil,0,0,Unknown,Engine failure
EVT000681,2020-07-11T22:20:00,GlobalAir,GL878,Boeing 737,Jet,Mumbai,Sao Paulo,38.33407,45.26592,Sao Paulo,UK,0,0,Hull Loss,Weather
EVT000682,2016-01-06T14:27:00,SkyWays,SK8952,Bombardier Q400,Turboprop,Mumbai,Sydney,-29.79454,30.14087,Mumbai,Canada,0,0,Minor,Weather
EVT000683,2018-09-22T11:55:00,AeroExpress,AE6584,Airbus A330,Jet,London,Berlin,-9.97436,-98.9,Beijing,India,0,0,Minor,Mid-air collision
EVT000684,2019-02-01T20:24:00,GlobalAir,GL9153,Boeing 747,Jet,Sao Paulo,Paris,-0.61766,-75.89448,London,China,0,1,Minor,Engine failure
EVT000685,2019-01-17T02:42:00,GlobalAir,GL7936,Boeing 747,Jet,Paris,Beijing,-41.51372,-9.84455,Sydney,Germany,0,0,Unknown,Weather
EVT000686,2015-08-02T05:55:00,SkyWays,SK5327,Airbus A320,Jet,Sao Paulo,Mumbai,46.95316,-171.61415,Paris,USA,0,0,Hull Loss,Runway excursion
EVT000687,2018-10-12T17:40:00,SkyWays,SK3957,Airbus A320,Jet,Berlin,Mumbai,-53.77014,-121.59534,New York,Canada,0,0,Hull Loss,Weather
EVT000688,2017-02-27T07:19:00,TransContinental,TR6687,Airbus A330,Jet,New York,Cairo,18.44303,28.17769,Cairo,Germany,0,0,Minor,Mid-air collision
EVT000689,2017-02-26T21:59:00,SkyWays,SK2442,Boeing 737,Jet,Toronto,Sydney,28.18493,-152.82784,Mumbai,USA,0,0,Unknown,Weather
EVT000690,2017-04-06T12:56:00,IslandAir,IS5596,Bombardier Q400,Turboprop,London,Cairo,7.3589,172.49754,Cairo,USA,0,0,Major,Mid-air collision
EVT000691,2019-06-01T12:54:00,AeroExpress,AE1447,Airbus A320,Jet,Sydney,New York,24.18618,-41.78017,New York,Australia,0,1,Hull Loss,Weather
EVT000692,2018-03-25T12:04:00,IslandAir,IS2745,Embraer 190,Turboprop,Sydney,Berlin,-48.5174,47.41599,Mumbai,China,0,1,Unknown,Weather
EVT000693,2015-08-29T22:06:00,IslandAir,IS8632,Airbus A330,Jet,Mumbai,Sao Paulo,-37.84796,-59.00167,London,Germany,0,0,Major,Bird strike
EVT000694,2016-12-25T21:22:00,NorthernFlights,NO4008,Airbus A330,Jet,New York,Sao Paulo,36.83371,-15.79672,London,UK,0,0,Unknown,Engine failure
EVT000695,2019-10-01T17:55:00,TransContinental,TR8952,Embraer 190,Turboprop,New York,Berlin,-49.41383,38.2815,Sydney,Germany,0,0,Unknown,Runway excursion
EVT000696,2020-12-11T02:51:00,TransContinental,TR8094,Airbus A320,Jet,Mumbai,Sydney,-5.52126,-106.6987,Cairo,Brazil,0,0,Minor,Runway excursion
EVT000697,2020-11-26T06:41:00,IslandAir,IS4360,Boeing 737,Jet,Paris,Sao Paulo,38.0094,-24.75126,Cairo,UK,0,0,Major,Unknown
EVT000698,2016-01-27T00:33:00,SkyWays,SK3744,Airbus A330,Jet,New York,Cairo,-11.37931,164.24972,Berlin,Brazil,0,0,Minor,Weather
EVT000699,2016-05-20T17:43:00,TransContinental,TR6688,Bombardier Q400,Turboprop,Cairo,New York,-28.90087,82.60264,Sao Paulo,Egypt,2,1,Minor,Pilot error
EVT000700,2016-06-10T08:23:00,IslandAir,IS730,Embraer 190,Turboprop,London,Berlin,40.97145,-74.28076,Berlin,Canada,0,0,Minor,Unknown
EVT000701,2016-05-25T06:02:00,NorthernFlights,NO6744,Embraer 190,Turboprop,London,Paris,47.84692,29.23065,Beijing,Egypt,3,3,Minor,Pilot error
EVT000702,2020-04-24T02:05:00,NorthernFlights,NO8206,Embraer 190,Turboprop,Toronto,Berlin,-53.57941,-174.25158,Sao Paulo,Brazil,0,0,Unknown,Unknown
EVT000703,2018-04-21T18:17:00,SkyWays,SK2201,Embraer 190,Turboprop,Berlin,Toronto,-53.17501,35.80641,Mumbai,Canada,0,0,Hull Loss,Weather
EVT000704,2017-06-26T15:15:00,NorthernFlights,NO2628,Airbus A320,Jet,Mumbai,Paris,50.6213,15.22074,Berlin,Australia,0,0,Unknown,Pilot error
EVT000705,2019-02-01T00:45:00,NorthernFlights,NO2076,Airbus A320,Jet,Berlin,Paris,21.58697,-37.80012,Paris,USA,0,0,Major,Pilot error
EVT000706,2017-08-30T02:19:00,NorthernFlights,NO3486,Embraer 190,Turboprop,Cairo,Paris,-59.50807,176.07504,Paris,China,1,0,Unknown,Unknown
EVT000707,2018-11-22T12:56:00,GlobalAir,GL3382,Embraer 190,Turboprop,London,Sao Paulo,43.24728,-169.52376,Cairo,UK,0,0,Hull Loss,Pilot error
EVT000708,2015-04-20T19:37:00,AeroExpress,AE3514,Boeing 747,Jet,London,Paris,54.16882,89.0495,Mumbai,USA,0,0,Hull Loss,Runway excursion
EVT000709,2017-11-29T06:13:00,TransContinental,TR5078,Airbus A320,Jet,Beijing,Sydney,26.86605,-169.54372,Sao Paulo,UK,0,0,Hull Loss,Engine failure
EVT000710,2018-05-22T08:31:00,IslandAir,IS441,Embraer 190,Turboprop,London,Paris,-24.66865,-173.48043,Toronto,Egypt,0,0,Minor,Engine failure
EVT000711,2020-12-13T00:26:00,NorthernFlights,NO7189,Boeing 737,Jet,Sao Paulo,Toronto,18.8792,-63.97449,London,China,0,0,Major,Mid-air collision
EVT000712,2018-01-17T09:31:00,AeroExpress,AE2175,Boeing 747,Jet,Sydney,New York,22.08128,147.43999,Sydney,India,1,0,Hull Loss,Unknown
EVT000713,2015-02-22T13:47:00,TransContinental,TR1419,Boeing 737,Jet,Mumbai,Toronto,45.14932,107.99137,Beijing,France,0,1,Unknown,Pilot error
EVT000714,2019-11-24T04:15:00,AeroExpress,AE2280,Airbus A320,Jet,Paris,Sao Paulo,-27.99269,-57.99164,Berlin,USA,0,0,Hull Loss,Engine failure
EVT000715,2018-06-02T03:14:00,NorthernFlights,NO1568,Bombardier Q400,Turboprop,Mumbai,Cairo,46.50856,25.97028,Mumbai,Germany,0,0,Hull Loss,Unknown
EVT000716,2020-08-10T12:54:00,AeroExpress,AE7222,Airbus A320,Jet,Toronto,Beijing,15.87761,29.28769,New York,India,0,0,Unknown,Engine failure
EVT000717,2019-12-15T16:13:00,TransContinental,TR1337,Airbus A330,Jet,Berlin,Mumbai,-45.19938,73.44235,New York,Australia,0,0,Minor,Mid-air collision
EVT000718,2018-05-15T16:32:00,GlobalAir,GL1994,Airbus A320,Jet,Sao Paulo,London,45.62079,-32.00588,Paris,USA,0,0,Minor,Bird strike
EVT000719,2015-11-24T18:22:00,GlobalAir,GL3707,Boeing 737,Jet,Cairo,New York,-42.98945,-52.18453,Sydney,Canada,0,2,Minor,Unknown
EVT000720,2019-08-02T17:18:00,SkyWays,SK9701,Bombardier Q400,Turboprop,Cairo,Beijing,-23.95007,-116.60034,Sydney,UK,0,0,Unknown,Pilot error
EVT000721,2017-07-31T21:27:00,IslandAir,IS2099,Airbus A320,Jet,Sydney,Paris,57.94758,10.68125,Toronto,Germany,0,0,Major,Weather
EVT000722,2018-12-20T04:24:00,NorthernFlights,NO3980,Airbus A320,Jet,Cairo,Berlin,17.79278,25.32681,Berlin,Canada,0,0,Hull Loss,Mid-air collision
EVT000723,2015-05-30T07:28:00,AeroExpress,AE1320,Boeing 737,Jet,Sydney,New York,-15.59738,-175.90565,London,Australia,0,0,Hull Loss,Runway excursion
EVT000724,2016-02-23T01:47:00,TransContinental,TR3855,Embraer 190,Turboprop,Mumbai,Cairo,20.37218,50.22446,Paris,Australia,0,0,Major,Bird strike
EVT000725,2019-06-12T12:13:00,GlobalAir,GL628,Boeing 737,Jet,New York,Cairo,15.21436,-79.5703,Sao Paulo,China,0,0,Minor,Bird strike
EVT000726,2019-08-03T22:34:00,SkyWays,SK2617,Embraer 190,Turboprop,Toronto,Mumbai,40.90885,-93.41969,London,Egypt,3,0,Hull Loss,Weather
EVT000727,2018-07-17T13:34:00,AeroExpress,AE8432,Boeing 747,Jet,Toronto,Paris,-4.31472,-1.06261,New York,India,0,1,Hull Loss,Engine failure
EVT000728,2019-06-04T09:42:00,GlobalAir,GL398,Airbus A320,Jet,London,Mumbai,56.96215,38.99347,London,Germany,0,0,Minor,Runway excursion
EVT000729,2018-11-01T00:01:00,TransContinental,TR5526,Airbus A320,Jet,Berlin,London,-26.73072,-83.98663,London,UK,0,0,Major,Engine failure
EVT000730,2016-05-10T13:00:00,SkyWays,SK5583,Airbus A320,Jet,Paris,New York,17.27602,-153.8752,London,India,0,0,Minor,Engine failure
EVT000731,2015-08-11T19:50:00,SkyWays,SK7218,Airbus A330,Jet,Paris,Toronto,59.14993,-123.55269,Toronto,France,0,0,Unknown,Pilot error
EVT000732,2015-01-28T14:36:00,TransContinental,TR7380,Airbus A320,Jet,Berlin,Toronto,59.46017,110.04347,Mumbai,Australia,2,4,Unknown,Runway excursion
EVT000733,2020-04-25T15:32:00,SkyWays,SK7656,Airbus A330,Jet,Berlin,London,-46.53532,5.3859,Sydney,India,0,0,Hull Loss,Engine failure
EVT000734,2018-06-02T03:24:00,IslandAir,IS1746,Airbus A320,Jet,Paris,Beijing,-54.77289,-39.20056,Beijing,Egypt,0,0,Hull Loss,Unknown
EVT000735,2015-11-16T17:34:00,SkyWays,SK531,Airbus A330,Jet,Mumbai,New York,0.48064,-148.44309,London,India,0,0,Minor,Mid-air collision
EVT000736,2020-08-22T17:11:00,IslandAir,IS1037,Airbus A330,Jet,New York,London,-54.16791,16.37447,Beijing,China,0,0,Unknown,Weather
EVT000737,2020-05-20T11:35:00,IslandAir,IS3846,Bombardier Q400,Turboprop,Sydney,Paris,-54.83968,119.88063,Cairo,UK,2,1,Major,Pilot error
EVT000738,2016-12-07T09:32:00,TransContinental,TR766,Airbus A320,Jet,Berlin,Toronto,-43.68074,-119.85483,Cairo,Brazil,0,0,Minor,Bird strike
EVT000739,2016-11-06T21:51:00,SkyWays,SK3277,Bombardier Q400,Turboprop,Mumbai,New York,3.29169,11.64111,Paris,Australia,0,0,Minor,Runway excursion
EVT000740,2015-09-17T05:32:00,IslandAir,IS6088,Boeing 737,Jet,Toronto,Sao Paulo,23.20208,-173.28973,Sao Paulo,Canada,0,0,Hull Loss,Engine failure
EVT000741,2018-05-07T23:20:00,GlobalAir,GL3812,Embraer 190,Turboprop,Berlin,Toronto,23.71659,-28.06867,New York,China,0,0,Major,Pilot error
EVT000742,2015-05-24T00:39:00,SkyWays,SK4490,Bombardier Q400,Turboprop,Berlin,Sydney,-44.30641,-30.24444,London,Canada,0,0,Major,Runway excursion
EVT000743,2019-08-04T16:18:00,NorthernFlights,NO8499,Boeing 737,Jet,Sao Paulo,Berlin,-29.95281,-124.26966,Berlin,India,0,0,Major,Runway excursion
EVT000744,2020-05-13T13:54:00,AeroExpress,AE8362,Bombardier Q400,Turboprop,Paris,London,50.99977,-98.30316,London,UK,0,0,Hull Loss,Runway excursion
EVT000745,2018-08-23T05:34:00,GlobalAir,GL6375,Bombardier Q400,Turboprop,Toronto,Sao Paulo,15.55314,-179.41197,Toronto,Brazil,0,0,Major,Weather
EVT000746,2020-08-05T14:22:00,AeroExpress,AE7110,Airbus A320,Jet,Paris,Sao Paulo,0.69226,-92.10869,London,Egypt,0,0,Major,Weather
EVT000747,2016-05-29T21:41:00,GlobalAir,GL1640,Embraer 190,Turboprop,London,Toronto,-33.7859,23.89953,Beijing,Canada,0,0,Major,Pilot error
EVT000748,2017-10-02T01:51:00,SkyWays,SK5081,Boeing 737,Jet,Berlin,New York,-19.65147,-119.09804,Berlin,Germany,0,0,Unknown,Bird strike
EVT000749,2020-04-11T23:23:00,SkyWays,SK6471,Boeing 737,Jet,Mumbai,Sydney,-45.03077,119.17868,Berlin,France,0,0,Hull Loss,Weather
EVT000750,2019-12-14T19:08:00,NorthernFlights,NO4098,Embraer 190,Turboprop,Sao Paulo,London,-18.8885,125.30329,Beijing,Brazil,0,0,Major,Bird strike
EVT000751,2019-11-08T10:32:00,GlobalAir,GL6904,Airbus A320,Jet,Sydney,Paris,21.46935,87.17024,New York,UK,0,0,Unknown,Weather
EVT000752,2018-01-02T09:55:00,TransContinental,TR5508,Boeing 737,Jet,Sao Paulo,Beijing,-26.18484,60.09837,New York,Brazil,0,0,Unknown,Mid-air collision
EVT000753,2017-04-08T17:54:00,NorthernFlights,NO5593,Boeing 737,Jet,New York,Beijing,-43.86921,101.18856,Berlin,France,0,0,Minor,Mid-air collision
EVT000754,2017-07-25T17:19:00,AeroExpress,AE8048,Boeing 747,Jet,Cairo,Toronto,49.72306,72.25416,Toronto,UK,0,0,Minor,Mid-air collision
EVT000755,2019-12-01T20:10:00,SkyWays,SK7347,Airbus A330,Jet,London,Paris,10.12902,-176.36332,Berlin,USA,0,0,Major,Engine failure
EVT000756,2020-11-07T06:55:00,SkyWays,SK3371,Boeing 747,Jet,Berlin,Cairo,1.09647,-61.81164,Sao Paulo,France,0,0,Major,Mid-air collision
EVT000757,2018-01-29T07:10:00,SkyWays,SK8597,Bombardier Q400,Turboprop,Cairo,Toronto,-11.3372,-127.94547,Sydney,Australia,0,0,Hull Loss,Runway excursion
EVT000758,2020-05-17T03:40:00,SkyWays,SK6525,Airbus A320,Jet,Sao Paulo,Mumbai,26.42295,-0.66204,Paris,Brazil,0,0,Major,Bird strike
EVT000759,2018-09-02T09:32:00,GlobalAir,GL1862,Boeing 747,Jet,Sao Paulo,Berlin,-0.54165,134.5373,Berlin,USA,0,0,Unknown,Weather
EVT000760,2015-03-18T00:56:00,SkyWays,SK5646,Embraer 190,Turboprop,Sydney,Cairo,35.15862,137.27513,Sao Paulo,France,0,1,Hull Loss,Bird strike
EVT000761,2017-04-03T23:52:00,AeroExpress,AE3327,Embraer 190,Turboprop,Toronto,London,21.12506,112.82302,Toronto,France,0,0,Major,Bird strike
EVT000762,2019-11-18T01:02:00,AeroExpress,AE1246,Airbus A330,Jet,Cairo,Sydney,-49.85562,-120.54416,Cairo,Brazil,0,0,Unknown,Mid-air collision
EVT000763,2018-12-07T02:59:00,SkyWays,SK9267,Airbus A320,Jet,Beijing,Toronto,-40.14351,105.60713,New York,Australia,0,0,Major,Engine failure
EVT000764,2016-04-24T08:30:00,NorthernFlights,NO3157,Bombardier Q400,Turboprop,Paris,New York,47.0777,0.95261,Paris,UK,0,0,Unknown,Mid-air collision
EVT000765,2019-07-16T17:51:00,IslandAir,IS8976,Airbus A330,Jet,Paris,Toronto,-28.73008,45.56247,Beijing,India,0,1,Hull Loss,Mid-air collision
EVT000766,2015-08-13T22:52:00,NorthernFlights,NO1112,Airbus A320,Jet,New York,Sao Paulo,-18.30333,24.0554,Beijing,Germany,0,0,Minor,Mid-air collision
EVT000767,2018-09-09T21:04:00,IslandAir,IS3235,Boeing 747,Jet,Berlin,London,44.95451,23.5697,Beijing,France,0,0,Major,Engine failure
EVT000768,2015-01-01T21:24:00,SkyWays,SK1708,Embraer 190,Turboprop,Cairo,London,-27.39368,21.83903,Beijing,China,0,0,Minor,Pilot error
EVT000769,2016-12-22T06:35:00,IslandAir,IS1377,Bombardier Q400,Turboprop,Paris,Sao Paulo,19.43875,-43.35395,London,Germany,2,1,Major,Mid-air collision
EVT000770,2015-12-18T02:37:00,IslandAir,IS2003,Airbus A330,Jet,Sydney,Toronto,11.53721,-25.63962,Berlin,Germany,0,1,Unknown,Mid-air collision
EVT000771,2018-02-14T03:17:00,GlobalAir,GL8452,Airbus A330,Jet,New York,Beijing,-30.96192,12.69521,Paris,India,0,0,Hull Loss,Engine failure
EVT000772,2016-07-18T00:52:00,AeroExpress,AE5837,Embraer 190,Turboprop,Beijing,Paris,15.1751,-46.63725,Beijing,UK,0,0,Unknown,Runway excursion
EVT000773,2017-05-17T23:10:00,NorthernFlights,NO8985,Embraer 190,Turboprop,New York,Sydney,40.2169,-43.94352,New York,UK,0,0,Major,Pilot error
EVT000774,2017-02-14T06:18:00,NorthernFlights,NO3912,Embraer 190,Turboprop,Sydney,Mumbai,-42.69715,-164.07193,Mumbai,India,0,0,Minor,Unknown
EVT000775,2018-10-07T10:45:00,IslandAir,IS6567,Bombardier Q400,Turboprop,Sao Paulo,Mumbai,29.83373,120.2842,Beijing,Brazil,0,0,Unknown,Engine failure
EVT000776,2016-07-13T11:16:00,AeroExpress,AE7114,Airbus A330,Jet,Cairo,Berlin,-58.93853,-112.15808,Toronto,China,0,0,Unknown,Mid-air collision
EVT000777,2017-12-24T08:45:00,GlobalAir,GL4374,Embraer 190,Turboprop,London,Paris,13.35265,157.93162,Sydney,Canada,0,0,Hull Loss,Weather
EVT000778,2016-11-14T16:45:00,IslandAir,IS6068,Airbus A320,Jet,London,Sao Paulo,58.15046,-82.08181,Toronto,Canada,0,1,Minor,Unknown
EVT000779,2016-05-10T22:31:00,NorthernFlights,NO5246,Bombardier Q400,Turboprop,New York,Beijing,53.39509,22.31948,Sydney,China,0,1,Hull Loss,Pilot error
EVT000780,2016-09-17T08:10:00,IslandAir,IS6909,Bombardier Q400,Turboprop,London,Sao Paulo,42.81963,52.87368,Paris,Germany,0,0,Hull Loss,Runway excursion
EVT000781,2015-03-02T13:43:00,TransContinental,TR9952,Airbus A320,Jet,Sao Paulo,London,-54.71147,178.61707,Beijing,Egypt,0,0,Unknown,Runway excursion
EVT000782,2015-06-29T23:01:00,IslandAir,IS5117,Boeing 737,Jet,New York,Berlin,32.674,18.69229,New York,China,0,0,Hull Loss,Runway excursion
EVT000783,2016-07-08T15:17:00,TransContinental,TR4433,Boeing 747,Jet,Sydney,Toronto,41.05978,-18.61654,Beijing,Australia,0,0,Unknown,Engine failure
EVT000784,2020-05-26T06:24:00,GlobalAir,GL3049,Airbus A320,Jet,Sao Paulo,Paris,56.39434,-22.34061,New York,USA,0,0,Hull Loss,Engine failure
EVT000785,2015-09-10T16:09:00,NorthernFlights,NO1555,Airbus A320,Jet,London,Beijing,3.37216,117.42878,Sydney,USA,0,0,Minor,Pilot error
EVT000786,2020-10-11T04:08:00,GlobalAir,GL1872,Airbus A320,Jet,Toronto,Paris,11.5842,-129.00892,Mumbai,Germany,0,0,Major,Pilot error
EVT000787,2015-10-29T22:36:00,NorthernFlights,NO1924,Boeing 747,Jet,Sydney,London,2.47277,-68.9049,Berlin,Germany,0,0,Minor,Bird strike
EVT000788,2017-05-07T17:11:00,IslandAir,IS5644,Boeing 737,Jet,Paris,Cairo,52.94817,-91.74036,Toronto,Egypt,0,0,Minor,Runway excursion
EVT000789,2017-06-28T12:43:00,NorthernFlights,NO7272,Boeing 747,Jet,Toronto,New York,58.83059,-111.57522,London,France,1,2,Minor,Pilot error
EVT000790,2020-07-08T22:47:00,AeroExpress,AE3056,Bombardier Q400,Turboprop,Sao Paulo,London,-26.24238,-138.84237,Berlin,Brazil,0,1,Minor,Mid-air collision
EVT000791,2019-10-13T11:56:00,GlobalAir,GL5799,Embraer 190,Turboprop,Toronto,New York,16.95328,-114.46223,Berlin,India,0,0,Minor,Runway excursion
EVT000792,2016-06-22T23:06:00,NorthernFlights,NO2509,Embraer 190,Turboprop,London,Beijing,33.76212,-122.45466,Beijing,Brazil,0,2,Major,Bird strike
EVT000793,2018-10-31T09:57:00,AeroExpress,AE853,Bombardier Q400,Turboprop,Mumbai,London,-11.36101,-9.65793,Beijing,USA,0,0,Hull Loss,Weather
EVT000794,2020-07-21T17:12:00,NorthernFlights,NO6285,Boeing 737,Jet,New York,Cairo,-10.30271,-172.11096,Mumbai,Egypt,0,0,Unknown,Pilot error
EVT000795,2015-05-11T21:28:00,NorthernFlights,NO8774,Bombardier Q400,Turboprop,Cairo,Paris,-56.97873,2.35163,Mumbai,India,0,0,Hull Loss,Bird strike
EVT000796,2017-04-03T01:46:00,GlobalAir,GL638,Bombardier Q400,Turboprop,Cairo,Paris,13.45621,114.99113,Cairo,UK,2,1,Hull Loss,Pilot error
EVT000797,2020-11-29T03:20:00,IslandAir,IS2071,Airbus A320,Jet,Sydney,Paris,-18.25883,93.11801,Toronto,USA,0,0,Hull Loss,Mid-air collision
EVT000798,2017-09-20T17:34:00,TransContinental,TR3945,Airbus A330,Jet,Beijing,Berlin,-49.1952,132.39022,Toronto,China,0,1,Major,Bird strike
EVT000799,2016-05-07T07:08:00,AeroExpress,AE8196,Airbus A330,Jet,Mumbai,New York,-1.06849,-77.51552,Berlin,Egypt,0,0,Minor,Unknown
EVT000800,2019-04-29T11:14:00,SkyWays,SK3849,Embraer 190,Turboprop,New York,Mumbai,32.55061,-75.82938,Sydney,Germany,0,0,Hull Loss,Mid-air collision
EVT000801,2019-05-06T22:26:00,SkyWays,SK8566,Embraer 190,Turboprop,Cairo,Sydney,-25.56912,-90.18125,Paris,India,0,0,Hull Loss,Unknown
EVT000802,2017-02-08T11:19:00,SkyWays,SK704,Bombardier Q400,Turboprop,Sydney,Paris,21.32754,-109.33798,Mumbai,Brazil,0,0,Major,Unknown
EVT000803,2019-12-12T01:52:00,GlobalAir,GL2978,Airbus A320,Jet,Cairo,Sao Paulo,-56.754,135.99618,New York,Brazil,0,0,Minor,Bird strike
EVT000804,2020-05-28T06:53:00,TransContinental,TR6819,Airbus A330,Jet,Beijing,Cairo,14.39341,-37.69052,Mumbai,Australia,1,4,Major,Runway excursion
EVT000805,2016-12-05T19:58:00,NorthernFlights,NO911,Embraer 190,Turboprop,Sao Paulo,Paris,13.08814,-91.98569,London,China,0,1,Major,Engine failure
EVT000806,2015-02-10T11:25:00,NorthernFlights,NO357,Airbus A320,Jet,Paris,Berlin,25.35942,-156.83382,Toronto,UK,0,0,Minor,Runway excursion
EVT000807,2020-03-03T05:45:00,AeroExpress,AE4259,Bombardier Q400,Turboprop,Sao Paulo,Toronto,1.19692,159.43224,Berlin,Egypt,0,0,Unknown,Engine failure
EVT000808,2015-02-10T02:04:00,AeroExpress,AE8376,Airbus A320,Jet,Paris,New York,39.95306,9.18733,Sydney,China,0,0,Hull Loss,Pilot error
EVT000809,2016-03-12T20:11:00,TransContinental,TR5090,Boeing 737,Jet,New York,Toronto,25.17339,101.05221,Paris,Egypt,0,0,Major,Unknown
EVT000810,2015-03-16T04:00:00,TransContinental,TR3194,Airbus A320,Jet,Mumbai,Sydney,16.32515,-25.40282,New York,France,0,0,Minor,Engine failure
EVT000811,2016-10-31T22:04:00,AeroExpress,AE8186,Boeing 747,Jet,London,Sao Paulo,33.98351,-0.89057,Berlin,Germany,0,0,Unknown,Pilot error
EVT000812,2017-10-12T10:56:00,IslandAir,IS3062,Embraer 190,Turboprop,Sao Paulo,Mumbai,31.05882,-84.02197,Toronto,USA,0,1,Hull Loss,Runway excursion
EVT000813,2018-04-05T16:29:00,GlobalAir,GL2791,Airbus A320,Jet,Mumbai,Beijing,48.99503,-58.14619,Berlin,Brazil,0,0,Hull Loss,Runway excursion
EVT000814,2016-09-17T16:23:00,TransContinental,TR8444,Embraer 190,Turboprop,Sao Paulo,Beijing,-49.18972,-55.07594,New York,Brazil,0,0,Major,Bird strike
EVT000815,2020-04-12T22:50:00,GlobalAir,GL6392,Bombardier Q400,Turboprop,Toronto,Beijing,-15.63231,-138.83415,Mumbai,France,0,0,Hull Loss,Runway excursion
EVT000816,2019-08-15T11:50:00,NorthernFlights,NO1826,Boeing 737,Jet,Berlin,New York,25.50585,-171.95047,Cairo,France,0,0,Major,Bird strike
EVT000817,2017-01-27T21:11:00,NorthernFlights,NO9443,Bombardier Q400,Turboprop,Toronto,Mumbai,59.03735,-0.12574,New York,Australia,0,0,Hull Loss,Weather
EVT000818,2016-09-25T03:42:00,SkyWays,SK5859,Boeing 747,Jet,Paris,Cairo,48.64121,141.87472,Beijing,Canada,0,0,Hull Loss,Mid-air collision
EVT000819,2016-02-26T17:56:00,AeroExpress,AE1350,Boeing 747,Jet,Cairo,Toronto,34.80197,19.89811,Toronto,Canada,0,0,Hull Loss,Pilot error
EVT000820,2018-11-27T23:38:00,NorthernFlights,NO8182,Boeing 737,Jet,Toronto,Beijing,-41.0884,117.9093,Toronto,China,0,0,Unknown,Runway excursion
EVT000821,2015-05-22T22:04:00,GlobalAir,GL5286,Embraer 190,Turboprop,Paris,Berlin,-44.8956,-3.52504,New York,Egypt,0,0,Unknown,Mid-air collision
EVT000822,2015-03-21T17:20:00,IslandAir,IS9216,Airbus A320,Jet,Mumbai,Paris,43.46719,-157.43472,Sao Paulo,UK,0,0,Major,Mid-air collision
EVT000823,2015-05-22T21:29:00,NorthernFlights,NO2362,Embraer 190,Turboprop,Cairo,Paris,56.43335,-1.09678,Sao Paulo,Canada,0,0,Minor,Engine failure
EVT000824,2016-03-22T08:31:00,GlobalAir,GL269,Bombardier Q400,Turboprop,Beijing,Cairo,-39.95453,46.57493,London,USA,0,0,Minor,Mid-air collision
EVT000825,2017-10-10T16:39:00,SkyWays,SK3532,Boeing 747,Jet,Mumbai,Sydney,-7.27854,142.44561,Sao Paulo,Brazil,0,0,Major,Pilot error
EVT000826,2018-01-27T02:04:00,IslandAir,IS7364,Bombardier Q400,Turboprop,Paris,Mumbai,54.87659,-164.57516,Paris,UK,0,0,Unknown,Unknown
EVT000827,2018-06-15T12:53:00,SkyWays,SK4829,Boeing 747,Jet,London,New York,-40.27453,176.29932,London,UK,0,0,Unknown,Mid-air collision
EVT000828,2019-11-07T01:35:00,NorthernFlights,NO391,Airbus A320,Jet,Sydney,Berlin,19.30161,133.74994,New York,UK,4,1,Unknown,Runway excursion
EVT000829,2019-03-02T03:51:00,AeroExpress,AE4565,Boeing 737,Jet,Toronto,New York,46.73572,60.93615,Sao Paulo,Egypt,0,1,Hull Loss,Runway excursion
EVT000830,2016-06-27T15:00:00,GlobalAir,GL1455,Airbus A330,Jet,Sydney,Cairo,-37.63211,-1.42339,Toronto,India,0,1,Minor,Pilot error
EVT000831,2019-01-24T19:06:00,GlobalAir,GL5383,Airbus A320,Jet,Berlin,Paris,-21.13882,-67.48016,Beijing,USA,0,0,Unknown,Mid-air collision
EVT000832,2019-09-10T01:51:00,IslandAir,IS3335,Boeing 747,Jet,Cairo,Sao Paulo,-12.26874,-71.13272,Toronto,UK,5,0,Major,Engine failure
EVT000833,2020-01-03T01:56:00,NorthernFlights,NO5240,Airbus A330,Jet,Mumbai,New York,2.60403,-41.46316,Toronto,UK,0,0,Unknown,Runway excursion
EVT000834,2017-03-27T14:53:00,SkyWays,SK3331,Bombardier Q400,Turboprop,New York,Beijing,-53.31648,50.13688,Berlin,Canada,0,0,Unknown,Mid-air collision
EVT000835,2017-06-30T15:16:00,TransContinental,TR4681,Airbus A320,Jet,Paris,Toronto,-17.1649,-143.78603,Mumbai,USA,0,0,Major,Runway excursion
EVT000836,2017-06-07T12:09:00,NorthernFlights,NO2242,Airbus A330,Jet,Paris,Toronto,-58.51447,172.78535,Cairo,UK,0,0,Minor,Weather
EVT000837,2017-05-28T07:28:00,AeroExpress,AE5582,Airbus A320,Jet,Berlin,Cairo,-19.05588,-54.57554,Mumbai,India,0,0,Minor,Engine failure
EVT000838,2015-07-02T01:40:00,TransContinental,TR2465,Embraer 190,Turboprop,Berlin,London,-48.89577,83.61704,Sydney,Germany,0,0,Unknown,Mid-air collision
EVT000839,2020-02-27T19:26:00,SkyWays,SK1151,Bombardier Q400,Turboprop,Cairo,New York,28.03903,133.13089,Paris,India,0,0,Unknown,Engine failure
EVT000840,2019-05-10T14:04:00,NorthernFlights,NO8066,Embraer 190,Turboprop,Paris,London,19.90694,-115.39044,Paris,USA,0,1,Hull Loss,Bird strike
EVT000841,2015-02-19T08:18:00,AeroExpress,AE9095,Embraer 190,Turboprop,Sydney,Beijing,0.52391,-43.52989,Paris,Egypt,0,0,Unknown,Weather
EVT000842,2020-08-07T04:22:00,NorthernFlights,NO4004,Boeing 747,Jet,New York,Paris,-13.88409,-72.09076,Mumbai,Germany,0,2,Hull Loss,Runway excursion
EVT000843,2020-11-13T09:58:00,IslandAir,IS8344,Airbus A330,Jet,Sydney,London,15.55122,-151.37267,Sydney,China,0,0,Major,Unknown
EVT000844,2019-02-21T16:06:00,SkyWays,SK1510,Boeing 737,Jet,Sydney,Toronto,-41.62899,172.49467,London,France,0,0,Hull Loss,Weather
EVT000845,2020-03-19T22:30:00,AeroExpress,AE925,Bombardier Q400,Turboprop,Sao Paulo,Berlin,-25.2362,123.08072,Sydney,Egypt,0,0,Major,Weather
EVT000846,2016-07-21T10:01:00,TransContinental,TR8415,Airbus A330,Jet,Paris,Toronto,29.71701,160.83786,New York,China,0,1,Unknown,Engine failure
EVT000847,2015-07-25T20:09:00,SkyWays,SK6433,Boeing 737,Jet,New York,Cairo,-32.97624,-42.63629,London,India,0,0,Minor,Mid-air collision
EVT000848,2017-05-31T04:34:00,NorthernFlights,NO2987,Embraer 190,Turboprop,Berlin,Mumbai,12.9924,-105.83977,Cairo,USA,1,0,Major,Bird strike
EVT000849,2016-01-16T12:29:00,SkyWays,SK5212,Bombardier Q400,Turboprop,Sydney,London,-34.29277,67.44487,Berlin,Brazil,0,0,Unknown,Mid-air collision
EVT000850,2017-12-11T18:08:00,TransContinental,TR2463,Bombardier Q400,Turboprop,Berlin,Toronto,-25.75624,-26.97587,Mumbai,Brazil,0,0,Minor,Runway excursion
EVT000851,2015-05-08T04:07:00,GlobalAir,GL473,Boeing 747,Jet,Toronto,Sao Paulo,-19.24207,21.8411,London,France,2,3,Unknown,Runway excursion
EVT000852,2017-10-25T12:36:00,TransContinental,TR4140,Bombardier Q400,Turboprop,Beijing,Mumbai,-9.15826,35.80653,Mumbai,India,0,0,Hull Loss,Mid-air collision
EVT000853,2015-01-21T21:42:00,TransContinental,TR3510,Embraer 190,Turboprop,Paris,Sao Paulo,-14.61168,-62.73109,Paris,France,0,1,Minor,Bird strike
EVT000854,2016-12-11T08:04:00,AeroExpress,AE1508,Airbus A320,Jet,Beijing,London,-0.46701,-61.37684,London,Canada,0,0,Major,Runway excursion
EVT000855,2020-08-20T16:35:00,IslandAir,IS9235,Boeing 737,Jet,Sydney,Mumbai,23.50413,152.28587,Berlin,USA,0,0,Minor,Bird strike
EVT000856,2019-06-05T01:58:00,AeroExpress,AE2089,Airbus A320,Jet,Sydney,Cairo,-25.75457,-50.43228,Paris,USA,0,0,Unknown,Bird strike
EVT000857,2020-07-28T20:35:00,TransContinental,TR3465,Airbus A320,Jet,Mumbai,Beijing,47.42711,141.58447,Cairo,USA,0,0,Hull Loss,Mid-air collision
EVT000858,2016-03-11T13:53:00,NorthernFlights,NO1919,Bombardier Q400,Turboprop,Mumbai,Sao Paulo,-28.22147,70.08449,Toronto,Egypt,0,0,Hull Loss,Runway excursion
EVT000859,2015-10-31T22:48:00,TransContinental,TR779,Airbus A320,Jet,Cairo,Toronto,24.16163,124.15709,Toronto,China,0,0,Major,Engine failure
EVT000860,2020-10-13T18:32:00,AeroExpress,AE8141,Boeing 747,Jet,Paris,London,48.86485,-71.53327,Toronto,Egypt,0,0,Unknown,Weather
EVT000861,2019-07-01T08:33:00,IslandAir,IS8685,Airbus A330,Jet,London,Toronto,-17.41703,-4.36765,Mumbai,Brazil,0,0,Minor,Runway excursion
EVT000862,2018-02-06T15:54:00,AeroExpress,AE2865,Airbus A330,Jet,Mumbai,Beijing,45.31812,-157.44119,Toronto,China,0,0,Major,Bird strike
EVT000863,2017-02-08T06:27:00,GlobalAir,GL6682,Boeing 737,Jet,London,Beijing,-1.77028,-172.87093,Beijing,UK,0,0,Unknown,Mid-air collision
EVT000864,2015-10-08T23:50:00,IslandAir,IS4336,Airbus A320,Jet,Sao Paulo,Toronto,-15.48332,52.86109,London,Brazil,0,1,Hull Loss,Unknown
EVT000865,2020-05-08T05:27:00,GlobalAir,GL2255,Embraer 190,Turboprop,London,Cairo,23.91468,-6.98494,Sydney,China,0,0,Major,Unknown
EVT000866,2015-10-03T14:23:00,TransContinental,TR5037,Boeing 737,Jet,London,Sydney,29.57695,64.52126,Paris,Canada,0,0,Hull Loss,Unknown
EVT000867,2019-07-21T18:21:00,AeroExpress,AE5744,Boeing 737,Jet,Beijing,London,-17.424,-72.25129,Cairo,France,0,0,Minor,Unknown
EVT000868,2018-12-04T12:59:00,GlobalAir,GL4823,Airbus A330,Jet,Cairo,Sydney,-48.2465,69.08311,Paris,UK,0,0,Minor,Runway excursion
EVT000869,2020-03-31T09:15:00,AeroExpress,AE9175,Embraer 190,Turboprop,Toronto,Beijing,-18.31669,-73.42166,London,UK,0,0,Major,Mid-air collision
EVT000870,2017-08-14T03:15:00,SkyWays,SK7526,Embraer 190,Turboprop,Toronto,New York,40.45954,153.01547,Cairo,France,0,0,Hull Loss,Weather
EVT000871,2019-01-11T01:55:00,IslandAir,IS2435,Boeing 737,Jet,Sydney,New York,-2.60188,33.68023,Mumbai,Germany,0,0,Unknown,Mid-air collision
EVT000872,2020-02-08T18:55:00,IslandAir,IS8062,Embraer 190,Turboprop,Berlin,Toronto,34.4298,31.89362,Mumbai,Egypt,0,0,Major,Engine failure
EVT000873,2016-03-09T07:20:00,TransContinental,TR8101,Airbus A330,Jet,Toronto,Sao Paulo,11.8201,23.04886,New York,Canada,0,1,Unknown,Engine failure
EVT000874,2017-10-10T10:54:00,NorthernFlights,NO9952,Airbus A330,Jet,Sydney,Sao Paulo,-26.65721,-169.12923,Berlin,Brazil,2,2,Unknown,Engine failure
EVT000875,2019-11-22T04:03:00,TransContinental,TR2855,Embraer 190,Turboprop,Cairo,New York,39.69195,-84.45094,Sao Paulo,Australia,0,0,Unknown,Mid-air collision
EVT000876,2016-12-22T20:38:00,AeroExpress,AE3032,Airbus A330,Jet,Sao Paulo,Berlin,-23.16597,173.42273,Cairo,France,1,1,Major,Pilot error
EVT000877,2016-06-20T15:46:00,NorthernFlights,NO5345,Airbus A330,Jet,Mumbai,Sao Paulo,-3.38113,-62.58711,London,Germany,0,1,Hull Loss,Mid-air collision
EVT000878,2017-10-21T08:46:00,IslandAir,IS1977,Boeing 747,Jet,Beijing,London,31.10477,131.19109,Paris,Australia,0,0,Major,Mid-air collision
EVT000879,2016-11-12T06:14:00,GlobalAir,GL4633,Boeing 747,Jet,Cairo,New York,59.2406,-36.94584,Berlin,India,0,1,Hull Loss,Pilot error
EVT000880,2018-10-20T01:52:00,TransContinental,TR789,Bombardier Q400,Turboprop,Mumbai,Sydney,39.97704,-83.58981,New York,UK,0,0,Unknown,Engine failure
EVT000881,2017-03-31T13:02:00,IslandAir,IS2891,Airbus A330,Jet,Mumbai,Sydney,44.23515,-3.11371,New York,Brazil,4,0,Hull Loss,Weather
EVT000882,2020-11-03T15:25:00,IslandAir,IS1719,Airbus A320,Jet,Berlin,London,53.68644,-86.0768,Sydney,Canada,0,0,Major,Runway excursion
EVT000883,2015-12-21T16:32:00,TransContinental,TR3530,Airbus A330,Jet,Berlin,Sydney,-6.7311,-84.28845,New York,France,0,0,Major,Mid-air collision
EVT000884,2015-01-11T17:35:00,AeroExpress,AE4814,Boeing 747,Jet,Cairo,Paris,44.02313,128.63332,Sao Paulo,USA,0,0,Unknown,Mid-air collision
EVT000885,2018-08-20T10:03:00,SkyWays,SK553,Embraer 190,Turboprop,Sao Paulo,Cairo,-53.8014,-49.81526,Toronto,Germany,0,0,Minor,Bird strike
EVT000886,2018-07-23T10:23:00,TransContinental,TR9228,Embraer 190,Turboprop,Berlin,New York,-42.23701,-165.34243,Mumbai,Germany,0,0,Unknown,Mid-air collision
EVT000887,2019-07-14T13:25:00,GlobalAir,GL2829,Airbus A320,Jet,Beijing,Sydney,-28.87662,125.25785,Berlin,France,0,0,Minor,Mid-air collision
EVT000888,2018-10-10T15:33:00,NorthernFlights,NO1835,Bombardier Q400,Turboprop,Paris,Mumbai,18.15669,-13.99403,Berlin,USA,0,0,Hull Loss,Runway excursion
EVT000889,2015-04-28T15:31:00,GlobalAir,GL2000,Boeing 737,Jet,Sydney,Beijing,49.246,61.52612,Mumbai,UK,0,0,Minor,Engine failure
EVT000890,2020-10-04T18:28:00,IslandAir,IS8165,Embraer 190,Turboprop,Cairo,Paris,33.21192,101.27966,Paris,Canada,0,0,Minor,Engine failure
EVT000891,2017-11-21T09:22:00,IslandAir,IS8225,Airbus A330,Jet,New York,Toronto,-55.59168,2.76199,Mumbai,Australia,0,0,Unknown,Pilot error
EVT000892,2018-03-06T19:56:00,AeroExpress,AE8527,Embraer 190,Turboprop,London,Mumbai,11.12786,135.71426,Sao Paulo,Brazil,0,0,Unknown,Pilot error
EVT000893,2020-11-17T04:59:00,TransContinental,TR8762,Embraer 190,Turboprop,London,Toronto,33.56281,138.66522,Sao Paulo,Canada,0,0,Hull Loss,Unknown
EVT000894,2017-03-25T22:03:00,IslandAir,IS4697,Airbus A330,Jet,Toronto,Mumbai,-47.52353,-99.99697,Paris,India,0,0,Major,Engine failure
EVT000895,2018-03-06T22:17:00,GlobalAir,GL7949,Airbus A330,Jet,Paris,Toronto,53.32372,124.90885,Toronto,UK,0,0,Unknown,Mid-air collision
EVT000896,2015-12-31T18:12:00,NorthernFlights,NO9579,Boeing 737,Jet,Toronto,Sydney,-12.54957,-117.73595,Paris,Germany,0,0,Minor,Runway excursion
EVT000897,2017-12-27T06:08:00,GlobalAir,GL1892,Embraer 190,Turboprop,Beijing,Berlin,-30.65883,55.41022,Sydney,Egypt,0,0,Minor,Engine failure
EVT000898,2018-01-19T09:47:00,AeroExpress,AE801,Boeing 747,Jet,Beijing,Sao Paulo,-56.19823,154.89547,Toronto,Australia,0,0,Minor,Pilot error
EVT000899,2017-05-14T06:43:00,GlobalAir,GL9512,Airbus A320,Jet,Beijing,London,-38.66839,-16.23211,Berlin,France,0,0,Unknown,Weather
EVT000900,2017-11-24T03:01:00,GlobalAir,GL3113,Bombardier Q400,Turboprop,Berlin,Cairo,-9.69496,-150.6556,Beijing,USA,0,0,Minor,Engine failure
EVT000901,2019-08-07T22:56:00,SkyWays,SK4694,Boeing 737,Jet,Toronto,Paris,20.83115,15.9753,Beijing,Germany,0,0,Hull Loss,Runway excursion
EVT000902,2018-10-30T07:24:00,NorthernFlights,NO2832,Boeing 747,Jet,Sao Paulo,Berlin,20.92777,88.61744,Sydney,India,0,0,Minor,Runway excursion
EVT000903,2015-12-14T06:46:00,NorthernFlights,NO1695,Airbus A330,Jet,New York,Toronto,-34.82737,-58.52218,Toronto,France,0,0,Major,Bird strike
EVT000904,2017-12-08T02:29:00,TransContinental,TR6842,Airbus A330,Jet,London,New York,-35.45578,46.86641,Mumbai,Germany,0,0,Hull Loss,Unknown
EVT000905,2020-03-21T03:56:00,IslandAir,IS2620,Boeing 747,Jet,Cairo,London,26.14032,-91.03905,Berlin,India,0,0,Unknown,Mid-air collision
EVT000906,2016-03-09T11:42:00,AeroExpress,AE8362,Airbus A330,Jet,Sydney,London,51.5712,-88.71281,Sydney,Egypt,0,0,Major,Weather
EVT000907,2016-03-29T18:25:00,GlobalAir,GL9411,Boeing 747,Jet,Cairo,Mumbai,6.70189,44.15265,Berlin,UK,0,0,Major,Bird strike
EVT000908,2016-03-02T17:38:00,NorthernFlights,NO109,Bombardier Q400,Turboprop,New York,Sydney,-19.01061,-6.6237,Mumbai,Germany,1,2,Minor,Engine failure
EVT000909,2020-03-10T18:11:00,TransContinental,TR8886,Embraer 190,Turboprop,Berlin,London,48.30504,54.85676,Berlin,Germany,2,1,Hull Loss,Unknown
EVT000910,2015-02-07T20:37:00,NorthernFlights,NO331,Boeing 737,Jet,Beijing,Paris,3.06225,-131.15663,London,France,0,1,Major,Unknown
EVT000911,2019-04-30T11:59:00,AeroExpress,AE613,Airbus A320,Jet,New York,Sao Paulo,-38.38256,-114.29087,Cairo,USA,0,0,Major,Bird strike
EVT000912,2020-04-14T04:43:00,SkyWays,SK6306,Airbus A330,Jet,Cairo,Beijing,47.08645,155.65044,Sao Paulo,Germany,0,0,Minor,Engine failure
EVT000913,2020-03-30T00:04:00,TransContinental,TR8310,Boeing 747,Jet,Sydney,Sao Paulo,-44.83039,-95.98342,Toronto,Germany,0,0,Minor,Unknown
EVT000914,2016-03-25T06:33:00,IslandAir,IS1433,Airbus A330,Jet,New York,Sao Paulo,16.7194,156.56397,London,Brazil,0,0,Hull Loss,Bird strike
EVT000915,2017-11-07T10:24:00,SkyWays,SK5709,Airbus A320,Jet,Sao Paulo,Mumbai,-13.1403,142.37456,New York,Canada,2,1,Unknown,Weather
EVT000916,2016-06-20T11:42:00,SkyWays,SK1665,Bombardier Q400,Turboprop,New York,Paris,-30.38881,158.72363,Toronto,India,0,0,Minor,Weather
EVT000917,2018-10-22T08:37:00,AeroExpress,AE6632,Embraer 190,Turboprop,Mumbai,Sao Paulo,15.01948,26.60379,Mumbai,Brazil,0,0,Hull Loss,Runway excursion
EVT000918,2018-06-20T11:18:00,AeroExpress,AE6424,Airbus A330,Jet,Paris,Sao Paulo,11.00715,166.10091,Toronto,China,0,0,Unknown,Mid-air collision
EVT000919,2018-02-23T01:10:00,NorthernFlights,NO5495,Airbus A320,Jet,Mumbai,Toronto,20.40295,-151.45872,Toronto,Brazil,0,0,Minor,Runway excursion
EVT000920,2020-10-17T06:30:00,IslandAir,IS1830,Airbus A330,Jet,London,Mumbai,-22.61836,28.39745,London,China,0,0,Major,Unknown
EVT000921,2017-04-14T01:50:00,SkyWays,SK4557,Boeing 747,Jet,Berlin,Sao Paulo,-32.67197,171.69564,New York,France,0,0,Unknown,Weather
EVT000922,2016-02-05T16:29:00,AeroExpress,AE1960,Airbus A330,Jet,Sydney,Paris,-39.15715,111.71799,Berlin,India,1,2,Minor,Unknown
EVT000923,2018-11-22T07:30:00,IslandAir,IS6270,Boeing 747,Jet,London,Toronto,-38.43777,-165.10121,Sao Paulo,Egypt,0,0,Unknown,Weather
EVT000924,2018-05-17T14:54:00,GlobalAir,GL6244,Embraer 190,Turboprop,London,Sao Paulo,-44.24009,11.24935,Toronto,France,3,2,Minor,Unknown
EVT000925,2016-12-06T16:14:00,NorthernFlights,NO1725,Embraer 190,Turboprop,Sydney,New York,15.81524,31.05635,Sao Paulo,Egypt,2,0,Unknown,Pilot error
EVT000926,2016-11-27T06:27:00,TransContinental,TR1315,Bombardier Q400,Turboprop,Mumbai,Sydney,-13.03976,-22.76074,New York,Egypt,0,0,Minor,Weather
EVT000927,2016-06-06T21:33:00,TransContinental,TR5992,Boeing 737,Jet,Sao Paulo,Toronto,52.65569,53.58402,Sao Paulo,Egypt,3,1,Minor,Mid-air collision
EVT000928,2019-10-01T21:15:00,SkyWays,SK4518,Airbus A330,Jet,Sao Paulo,Berlin,24.90366,-175.32912,Cairo,Brazil,5,0,Major,Bird strike
EVT000929,2015-12-22T20:34:00,GlobalAir,GL2933,Embraer 190,Turboprop,Berlin,Toronto,42.09039,110.37767,Paris,France,0,0,Unknown,Runway excursion
EVT000930,2020-01-20T04:04:00,SkyWays,SK7256,Embraer 190,Turboprop,Berlin,Beijing,-59.688,147.762,London,Brazil,0,0,Hull Loss,Mid-air collision
EVT000931,2016-10-07T10:12:00,NorthernFlights,NO610,Bombardier Q400,Turboprop,Paris,New York,7.38972,143.60622,London,Egypt,0,0,Hull Loss,Pilot error
EVT000932,2018-07-24T08:50:00,GlobalAir,GL5862,Boeing 747,Jet,London,Paris,58.24665,-14.91464,Beijing,Brazil,0,0,Hull Loss,Runway excursion
EVT000933,2018-06-25T03:23:00,TransContinental,TR1327,Airbus A320,Jet,Cairo,New York,-28.20022,-28.23908,Paris,USA,0,0,Minor,Bird strike
EVT000934,2015-06-19T18:43:00,GlobalAir,GL3767,Airbus A330,Jet,Mumbai,Berlin,47.93986,-69.99983,Sydney,India,0,0,Unknown,Weather
EVT000935,2017-07-27T13:05:00,SkyWays,SK8019,Boeing 737,Jet,Cairo,Sydney,-39.01159,10.41966,London,Brazil,0,0,Major,Unknown
EVT000936,2019-10-04T02:56:00,TransContinental,TR2883,Airbus A330,Jet,London,Toronto,-33.23131,23.8072,Sao Paulo,Germany,0,2,Minor,Engine failure
EVT000937,2015-07-26T09:04:00,SkyWays,SK5554,Embraer 190,Turboprop,Toronto,Paris,11.59647,175.26645,Sao Paulo,UK,0,0,Hull Loss,Weather
EVT000938,2015-03-17T22:23:00,GlobalAir,GL9697,Boeing 747,Jet,London,Sydney,55.59916,18.70247,Cairo,Brazil,3,3,Major,Bird strike
EVT000939,2017-04-15T22:33:00,GlobalAir,GL3172,Boeing 747,Jet,Sao Paulo,Beijing,-4.42073,139.74634,Berlin,France,0,0,Minor,Unknown
EVT000940,2015-12-04T17:22:00,TransContinental,TR1296,Bombardier Q400,Turboprop,Mumbai,New York,9.25273,-116.37584,Sao Paulo,Germany,0,0,Minor,Engine failure
EVT000941,2015-05-03T16:30:00,TransContinental,TR9409,Boeing 747,Jet,Paris,Beijing,50.49553,148.08731,New York,Canada,0,0,Major,Engine failure
EVT000942,2016-03-25T19:16:00,IslandAir,IS6824,Bombardier Q400,Turboprop,New York,Sao Paulo,40.27053,148.4932,Paris,Germany,6,2,Hull Loss,Weather
EVT000943,2018-02-12T08:55:00,AeroExpress,AE1798,Boeing 747,Jet,Cairo,New York,6.15284,-76.40044,Sao Paulo,USA,0,0,Major,Engine failure
EVT000944,2018-12-01T07:15:00,SkyWays,SK6581,Embraer 190,Turboprop,Paris,Mumbai,55.2882,25.48193,Sydney,USA,0,0,Major,Bird strike
EVT000945,2015-04-26T04:59:00,GlobalAir,GL3981,Embraer 190,Turboprop,New York,Sao Paulo,39.41936,-173.23614,Sao Paulo,UK,0,0,Minor,Runway excursion
EVT000946,2015-01-10T06:18:00,AeroExpress,AE9539,Airbus A320,Jet,Mumbai,Beijing,-15.51295,-133.96897,Berlin,Egypt,0,0,Hull Loss,Engine failure
EVT000947,2016-11-21T18:40:00,AeroExpress,AE7920,Boeing 737,Jet,London,New York,-44.10731,-29.17092,Sao Paulo,France,0,0,Hull Loss,Mid-air collision
EVT000948,2016-09-02T11:13:00,NorthernFlights,NO8235,Boeing 737,Jet,Cairo,Berlin,-6.63945,-84.54735,New York,Egypt,0,2,Major,Weather
EVT000949,2015-10-02T03:12:00,NorthernFlights,NO2552,Boeing 737,Jet,Toronto,Beijing,-34.03987,47.57527,London,USA,0,0,Unknown,Mid-air collision
EVT000950,2016-06-27T04:58:00,SkyWays,SK3749,Boeing 747,Jet,Berlin,Sydney,10.73334,-130.30154,Paris,Canada,0,0,Minor,Mid-air collision
EVT000951,2019-07-10T20:45:00,TransContinental,TR6092,Airbus A330,Jet,Sao Paulo,Toronto,46.41862,-59.05734,Mumbai,Brazil,0,0,Major,Mid-air collision
EVT000952,2015-11-23T15:39:00,TransContinental,TR1919,Bombardier Q400,Turboprop,Sydney,Cairo,31.68779,51.63332,Sydney,India,0,0,Hull Loss,Mid-air collision
EVT000953,2018-11-29T17:27:00,IslandAir,IS6423,Embraer 190,Turboprop,New York,Toronto,-15.29615,-51.06565,Mumbai,UK,0,0,Unknown,Weather
EVT000954,2015-11-03T02:31:00,IslandAir,IS6209,Embraer 190,Turboprop,Sydney,Berlin,-14.69665,-4.09771,New York,India,0,0,Minor,Engine failure
EVT000955,2020-05-22T07:29:00,AeroExpress,AE6403,Airbus A320,Jet,Cairo,Toronto,-10.454,84.62251,Beijing,Egypt,0,0,Major,Mid-air collision
EVT000956,2015-01-08T11:12:00,SkyWays,SK284,Airbus A330,Jet,Cairo,Berlin,23.41921,54.56153,Beijing,USA,0,0,Unknown,Bird strike
EVT000957,2019-12-02T03:35:00,TransContinental,TR8358,Airbus A330,Jet,Berlin,New York,-7.68086,-70.5462,Sao Paulo,UK,0,0,Hull Loss,Runway excursion
EVT000958,2016-08-22T15:24:00,AeroExpress,AE1146,Boeing 737,Jet,Beijing,Berlin,34.97362,-132.03547,Mumbai,Brazil,0,0,Major,Engine failure
EVT000959,2017-05-30T19:55:00,AeroExpress,AE1104,Boeing 737,Jet,Sao Paulo,Toronto,-14.6086,12.46492,Sydney,Canada,0,0,Minor,Pilot error
EVT000960,2018-06-28T08:12:00,AeroExpress,AE4791,Airbus A330,Jet,London,Beijing,28.8145,-68.69661,Paris,Australia,0,0,Unknown,Engine failure
EVT000961,2018-07-16T10:26:00,GlobalAir,GL2958,Embraer 190,Turboprop,Sydney,Sao Paulo,24.98785,-75.50846,Paris,India,0,0,Minor,Unknown
EVT000962,2015-04-11T23:14:00,SkyWays,SK6253,Boeing 747,Jet,Mumbai,Berlin,52.99044,112.06164,Cairo,France,0,0,Hull Loss,Engine failure
EVT000963,2019-04-10T11:48:00,SkyWays,SK5414,Airbus A320,Jet,Sydney,Toronto,-41.23271,150.41354,London,Australia,0,1,Major,Runway excursion
EVT000964,2018-06-26T08:27:00,TransContinental,TR9943,Airbus A320,Jet,Paris,London,-32.63989,141.62384,Paris,Brazil,0,0,Minor,Runway excursion
EVT000965,2019-04-11T05:11:00,TransContinental,TR8206,Airbus A320,Jet,Mumbai,Paris,52.19362,2.46966,New York,USA,0,0,Hull Loss,Engine failure
EVT000966,2019-05-12T00:38:00,AeroExpress,AE4007,Boeing 747,Jet,London,Sydney,-23.59019,20.47825,Paris,France,0,1,Hull Loss,Bird strike
EVT000967,2016-09-30T07:36:00,IslandAir,IS5924,Airbus A330,Jet,Cairo,Berlin,-28.64008,-167.36487,New York,Australia,0,0,Major,Mid-air collision
EVT000968,2020-09-11T19:33:00,GlobalAir,GL9445,Boeing 737,Jet,Cairo,Toronto,25.47248,40.95586,Beijing,Germany,0,0,Minor,Runway excursion
EVT000969,2020-06-20T08:53:00,SkyWays,SK5728,Airbus A330,Jet,Mumbai,Sydney,-42.41938,133.77839,Mumbai,Germany,0,0,Hull Loss,Weather
EVT000970,2019-12-18T14:21:00,IslandAir,IS7440,Airbus A330,Jet,Mumbai,Sao Paulo,-20.10978,170.06312,Sao Paulo,India,0,0,Unknown,Runway excursion
EVT000971,2016-03-12T23:16:00,GlobalAir,GL1482,Bombardier Q400,Turboprop,Toronto,Mumbai,55.77212,-75.47481,Sao Paulo,Egypt,0,0,Unknown,Mid-air collision
EVT000972,2016-05-06T09:57:00,IslandAir,IS7570,Airbus A330,Jet,Sao Paulo,London,-46.78959,132.2487,Toronto,USA,0,0,Hull Loss,Mid-air collision
EVT000973,2019-01-26T10:54:00,NorthernFlights,NO6486,Boeing 747,Jet,Beijing,Sao Paulo,29.75901,176.04736,Cairo,Brazil,0,0,Unknown,Runway excursion
EVT000974,2017-03-15T20:24:00,GlobalAir,GL9240,Embraer 190,Turboprop,Sao Paulo,New York,0.19891,177.34837,Toronto,UK,0,0,Hull Loss,Mid-air collision
EVT000975,2019-01-17T17:42:00,TransContinental,TR1518,Boeing 747,Jet,Sao Paulo,Toronto,54.55901,-48.96615,Mumbai,Egypt,0,0,Hull Loss,Pilot error
EVT000976,2017-03-02T08:42:00,IslandAir,IS8910,Bombardier Q400,Turboprop,Sydney,Cairo,29.88678,-58.74254,Sao Paulo,Germany,0,0,Unknown,Unknown
EVT000977,2017-01-11T02:40:00,NorthernFlights,NO1386,Boeing 737,Jet,Berlin,Beijing,-18.07,-147.64825,Paris,UK,0,0,Major,Mid-air collision
EVT000978,2015-12-26T01:12:00,SkyWays,SK669,Bombardier Q400,Turboprop,Beijing,Mumbai,-31.20256,-173.20681,London,Germany,0,0,Minor,Engine failure
EVT000979,2015-11-29T01:29:00,SkyWays,SK2115,Boeing 747,Jet,Sydney,New York,-32.9444,152.66802,Mumbai,China,0,0,Hull Loss,Weather
EVT000980,2018-06-13T05:22:00,IslandAir,IS464,Boeing 737,Jet,Beijing,Sao Paulo,-50.55366,-18.20632,Paris,UK,0,0,Major,Runway excursion
EVT000981,2019-08-17T03:24:00,IslandAir,IS1000,Bombardier Q400,Turboprop,Sydney,Paris,41.23449,-177.92752,Toronto,Egypt,0,0,Hull Loss,Runway excursion
EVT000982,2019-04-04T19:02:00,TransContinental,TR6447,Bombardier Q400,Turboprop,Mumbai,Cairo,12.67395,148.07288,Mumbai,India,0,0,Hull Loss,Engine failure
EVT000983,2017-12-11T21:49:00,AeroExpress,AE529,Boeing 737,Jet,Sydney,Sao Paulo,-41.35747,-118.4501,Beijing,India,0,0,Minor,Runway excursion
EVT000984,2017-06-29T00:10:00,NorthernFlights,NO5792,Airbus A330,Jet,Beijing,New York,-14.1803,-87.67542,London,Australia,0,0,Unknown,Engine failure
EVT000985,2020-08-29T15:57:00,NorthernFlights,NO6215,Airbus A330,Jet,New York,Mumbai,-37.89535,39.72159,Toronto,Germany,0,0,Major,Weather
EVT000986,2015-10-07T18:12:00,AeroExpress,AE8052,Bombardier Q400,Turboprop,Berlin,Cairo,-4.64762,-138.51162,Sydney,UK,0,0,Minor,Mid-air collision
EVT000987,2017-06-30T04:39:00,SkyWays,SK5849,Airbus A320,Jet,Beijing,Cairo,35.76764,-35.56158,London,Australia,0,0,Major,Runway excursion
EVT000988,2018-07-30T02:41:00,AeroExpress,AE9382,Boeing 747,Jet,Toronto,London,34.92762,105.40295,London,Egypt,0,0,Unknown,Unknown
EVT000989,2016-09-08T00:14:00,SkyWays,SK666,Embraer 190,Turboprop,New York,Toronto,15.10745,-52.28368,Beijing,China,0,0,Major,Mid-air collision
EVT000990,2017-07-18T21:56:00,AeroExpress,AE4361,Bombardier Q400,Turboprop,Toronto,Beijing,52.00514,104.46877,Berlin,Egypt,0,0,Hull Loss,Weather
EVT000991,2016-11-02T12:13:00,GlobalAir,GL4202,Boeing 737,Jet,Paris,Cairo,34.15955,-141.23167,Cairo,Egypt,0,0,Major,Runway excursion
EVT000992,2017-07-06T23:39:00,GlobalAir,GL4184,Boeing 747,Jet,Sao Paulo,Cairo,-15.09305,-75.568,London,China,0,0,Unknown,Engine failure
EVT000993,2015-09-25T00:34:00,TransContinental,TR9032,Boeing 737,Jet,Toronto,New York,-58.58365,-36.22897,Beijing,India,0,0,Hull Loss,Runway excursion
EVT000994,2016-12-17T14:05:00,IslandAir,IS4689,Boeing 747,Jet,New York,Paris,-51.60626,-179.92148,New York,Germany,0,0,Minor,Weather
EVT000995,2016-11-01T10:20:00,IslandAir,IS8502,Boeing 747,Jet,Sydney,London,-41.0586,-54.7422,Beijing,Brazil,0,0,Unknown,Pilot error
EVT000996,2017-04-21T01:10:00,SkyWays,SK7812,Airbus A320,Jet,Mumbai,Sao Paulo,-18.11132,123.08831,London,Australia,0,0,Major,Weather
EVT000997,2017-10-20T14:42:00,GlobalAir,GL5625,Airbus A330,Jet,Sao Paulo,Sydney,26.79763,73.88389,Sydney,Germany,1,1,Major,Mid-air collision
EVT000998,2016-02-18T01:34:00,AeroExpress,AE390,Boeing 747,Jet,New York,Sydney,-0.73841,155.4669,Sao Paulo,UK,0,0,Major,Runway excursion
EVT000999,2017-09-11T19:55:00,NorthernFlights,NO2854,Airbus A320,Jet,Toronto,New York,49.06616,-8.13904,Cairo,China,0,0,Hull Loss,Mid-air collision
EVT001000,2017-09-07T08:20:00,GlobalAir,GL3837,Boeing 747,Jet,New York,London,-32.26937,125.11112,Sydney,Canada,0,0,Major,Bird strike
EVT001001,2016-09-02T17:24:00,NorthernFlights,NO9733,Embraer 190,Turboprop,London,Berlin,54.83425,-95.66028,Sao Paulo,UK,1,3,Unknown,Engine failure
EVT001002,2016-11-28T15:52:00,AeroExpress,AE7175,Airbus A330,Jet,Paris,Toronto,15.60305,-26.50579,New York,USA,0,0,Major,Weather
EVT001003,2016-03-22T16:12:00,SkyWays,SK8512,Airbus A320,Jet,Mumbai,Beijing,7.99954,96.79046,London,Germany,0,1,Minor,Runway excursion
EVT001004,2017-10-03T20:19:00,AeroExpress,AE158,Bombardier Q400,Turboprop,Sao Paulo,Beijing,14.25154,-139.6792,Cairo,Germany,0,0,Hull Loss,Unknown
EVT001005,2016-07-09T00:19:00,SkyWays,SK3032,Boeing 747,Jet,Mumbai,Beijing,14.09936,-59.99677,Paris,France,0,0,Major,Runway excursion
EVT001006,2018-06-19T22:02:00,TransContinental,TR7053,Airbus A320,Jet,London,Toronto,-6.39757,-177.94748,Sao Paulo,France,0,0,Minor,Unknown
EVT001007,2017-01-03T09:31:00,GlobalAir,GL344,Airbus A320,Jet,Berlin,Mumbai,38.78572,66.36068,Toronto,Canada,0,0,Hull Loss,Runway excursion
EVT001008,2020-07-21T10:19:00,NorthernFlights,NO9282,Airbus A320,Jet,Berlin,New York,1.80823,-28.42278,London,USA,2,1,Minor,Bird strike
EVT001009,2016-02-27T14:12:00,IslandAir,IS3606,Boeing 737,Jet,Paris,London,10.21152,54.60495,Beijing,USA,0,0,Minor,Unknown
EVT001010,2015-12-03T14:37:00,AeroExpress,AE1208,Airbus A320,Jet,Berlin,Mumbai,29.17842,-176.2682,Beijing,UK,0,0,Hull Loss,Bird strike
EVT001011,2020-10-01T09:50:00,IslandAir,IS3340,Embraer 190,Turboprop,Toronto,New York,-59.46999,-86.32853,Mumbai,India,0,0,Major,Unknown
EVT001012,2015-06-24T06:57:00,SkyWays,SK2778,Boeing 747,Jet,Berlin,Cairo,-8.00054,28.66289,Toronto,India,0,2,Unknown,Bird strike
EVT001013,2018-11-13T16:20:00,NorthernFlights,NO9364,Boeing 737,Jet,Sydney,Sao Paulo,-0.41833,-87.23645,Sao Paulo,China,0,0,Unknown,Pilot error
EVT001014,2015-06-09T04:52:00,TransContinental,TR6566,Boeing 747,Jet,Paris,Beijing,-7.19105,-49.09626,Paris,USA,0,0,Major,Mid-air collision
EVT001015,2016-11-07T22:52:00,IslandAir,IS2680,Boeing 737,Jet,Sydney,Mumbai,-52.79422,-179.98159,London,China,0,0,Major,Pilot error
EVT001016,2015-12-18T01:37:00,TransContinental,TR2109,Boeing 747,Jet,Paris,New York,-16.86851,-95.02219,Cairo,Germany,0,0,Unknown,Bird strike
EVT001017,2018-09-15T03:07:00,IslandAir,IS236,Airbus A330,Jet,Beijing,Toronto,17.05615,-57.13423,Paris,India,0,0,Major,Engine failure
EVT001018,2017-02-19T01:01:00,GlobalAir,GL6944,Bombardier Q400,Turboprop,Sao Paulo,Berlin,-1.3953,33.44501,London,UK,2,0,Unknown,Unknown
EVT001019,2019-09-22T19:21:00,SkyWays,SK6114,Embraer 190,Turboprop,Sydney,Cairo,-12.69231,56.95877,Toronto,Germany,0,0,Major,Mid-air collision
EVT001020,2018-07-19T08:44:00,GlobalAir,GL1101,Bombardier Q400,Turboprop,Cairo,Sydney,1.33445,-160.70659,Berlin,Canada,0,0,Major,Engine failure
EVT001021,2020-05-30T01:04:00,IslandAir,IS628,Embraer 190,Turboprop,Berlin,Sao Paulo,56.41547,130.20421,Beijing,USA,0,0,Unknown,Pilot error
EVT001022,2019-01-02T18:57:00,GlobalAir,GL1406,Boeing 737,Jet,Beijing,New York,-44.45819,122.39545,Beijing,Canada,2,1,Major,Runway excursion
EVT001023,2016-10-16T17:41:00,NorthernFlights,NO8561,Embraer 190,Turboprop,Mumbai,Toronto,48.7226,-109.57107,Cairo,Brazil,0,0,Major,Runway excursion
EVT001024,2015-06-14T23:32:00,NorthernFlights,NO301,Boeing 737,Jet,Cairo,Mumbai,5.79897,173.66715,Paris,India,3,0,Hull Loss,Pilot error
EVT001025,2019-03-05T15:52:00,IslandAir,IS3047,Embraer 190,Turboprop,Cairo,Sydney,-2.86994,4.42496,London,Canada,0,0,Unknown,Bird strike
EVT001026,2018-10-16T09:03:00,NorthernFlights,NO1706,Embraer 190,Turboprop,Beijing,Berlin,-15.11806,118.89243,Berlin,Egypt,0,0,Unknown,Mid-air collision
EVT001027,2018-01-14T14:55:00,IslandAir,IS8772,Embraer 190,Turboprop,Sao Paulo,Sydney,-4.946,123.09094,Cairo,UK,0,0,Hull Loss,Pilot error
EVT001028,2020-03-06T21:20:00,GlobalAir,GL9061,Boeing 737,Jet,London,Beijing,-26.38813,-34.68312,Sydney,Egypt,0,0,Unknown,Engine failure
EVT001029,2016-06-05T07:19:00,IslandAir,IS1356,Bombardier Q400,Turboprop,Paris,Sao Paulo,-6.5186,-49.14752,Paris,Germany,0,0,Unknown,Engine failure
EVT001030,2015-03-01T03:19:00,SkyWays,SK8332,Boeing 747,Jet,Sydney,Mumbai,23.10598,-107.86929,Cairo,China,0,0,Major,Pilot error
EVT001031,2018-02-21T20:25:00,NorthernFlights,NO5998,Boeing 737,Jet,Sao Paulo,Mumbai,28.91913,-36.1914,New York,France,0,0,Unknown,Engine failure
EVT001032,2016-04-11T08:31:00,NorthernFlights,NO6626,Boeing 737,Jet,Paris,Sydney,55.95949,71.17797,Berlin,France,0,0,Hull Loss,Engine failure
EVT001033,2016-08-08T05:36:00,TransContinental,TR2719,Airbus A320,Jet,Beijing,New York,-3.50282,135.67885,New York,China,0,0,Minor,Weather
EVT001034,2015-06-13T17:21:00,NorthernFlights,NO3038,Boeing 747,Jet,Sao Paulo,Cairo,-31.91197,59.03249,Paris,USA,1,3,Major,Weather
EVT001035,2015-04-09T13:00:00,NorthernFlights,NO8131,Boeing 737,Jet,Sao Paulo,Sydney,-20.18626,-178.16477,Paris,Brazil,0,0,Hull Loss,Mid-air collision
EVT001036,2019-04-19T14:17:00,NorthernFlights,NO2384,Boeing 747,Jet,Sydney,Paris,14.28545,130.38528,Berlin,Australia,0,0,Minor,Unknown
EVT001037,2019-08-13T18:27:00,AeroExpress,AE7609,Airbus A320,Jet,Mumbai,Toronto,8.93408,-128.50979,Toronto,Brazil,0,0,Minor,Bird strike
EVT001038,2020-06-29T18:20:00,IslandAir,IS7460,Airbus A330,Jet,Sao Paulo,Berlin,58.16009,-54.14473,Sydney,France,0,0,Unknown,Unknown
EVT001039,2016-06-07T06:35:00,SkyWays,SK5599,Boeing 747,Jet,Toronto,Beijing,-7.62556,40.80807,New York,Canada,0,0,Major,Pilot error
EVT001040,2018-08-30T12:28:00,TransContinental,TR8666,Airbus A330,Jet,Cairo,Sao Paulo,-28.75749,-41.92077,Sao Paulo,Egypt,0,0,Minor,Weather
EVT001041,2017-09-04T04:06:00,IslandAir,IS1055,Boeing 747,Jet,London,Cairo,-18.69912,45.16534,London,Brazil,0,0,Minor,Unknown
EVT001042,2020-07-06T15:55:00,TransContinental,TR6382,Airbus A320,Jet,Berlin,Mumbai,-56.4568,-62.25751,Paris,Brazil,0,0,Unknown,Weather
EVT001043,2015-05-23T15:30:00,GlobalAir,GL346,Embraer 190,Turboprop,Mumbai,New York,-21.07717,-55.81797,Cairo,Germany,1,1,Minor,Weather
EVT001044,2016-06-28T21:02:00,AeroExpress,AE6050,Embraer 190,Turboprop,London,Mumbai,6.58458,157.25533,Toronto,Germany,3,1,Hull Loss,Weather
EVT001045,2015-04-08T07:20:00,SkyWays,SK9165,Boeing 737,Jet,Sydney,New York,51.51468,105.05653,London,Australia,2,2,Unknown,Pilot error
EVT001046,2016-01-05T14:00:00,GlobalAir,GL8845,Airbus A330,Jet,New York,Cairo,23.75805,-33.23476,Sao Paulo,UK,0,0,Hull Loss,Bird strike
EVT001047,2016-11-20T04:06:00,AeroExpress,AE6175,Airbus A330,Jet,London,Sao Paulo,-32.19837,-92.79224,London,France,0,0,Hull Loss,Pilot error
EVT001048,2020-02-02T14:57:00,IslandAir,IS2023,Airbus A330,Jet,Cairo,Sao Paulo,-7.7936,112.26076,Sao Paulo,Australia,0,0,Major,Engine failure
EVT001049,2019-07-12T23:06:00,AeroExpress,AE8262,Boeing 737,Jet,Mumbai,New York,49.43022,-136.26997,Cairo,USA,0,0,Unknown,Mid-air collision
EVT001050,2015-09-22T22:32:00,TransContinental,TR8315,Embraer 190,Turboprop,Beijing,Cairo,-29.54348,34.93268,Sydney,UK,0,0,Unknown,Mid-air collision
EVT001051,2018-07-12T02:01:00,GlobalAir,GL235,Boeing 747,Jet,Berlin,Paris,-46.35693,118.43559,Beijing,India,0,0,Major,Runway excursion
EVT001052,2017-08-06T10:45:00,IslandAir,IS9574,Embraer 190,Turboprop,Sydney,Toronto,9.65584,42.38171,Berlin,Germany,0,0,Minor,Pilot error
EVT001053,2015-01-21T19:15:00,IslandAir,IS1341,Bombardier Q400,Turboprop,Sao Paulo,Mumbai,55.4547,51.59334,New York,France,0,0,Minor,Mid-air collision
EVT001054,2016-06-30T10:50:00,GlobalAir,GL4829,Embraer 190,Turboprop,Cairo,Sydney,22.47994,53.55447,Paris,Australia,0,0,Minor,Bird strike
EVT001055,2019-10-14T19:51:00,IslandAir,IS1891,Bombardier Q400,Turboprop,Berlin,London,-37.39054,93.76585,London,Egypt,0,0,Unknown,Engine failure
EVT001056,2015-08-24T00:25:00,IslandAir,IS9392,Boeing 747,Jet,Toronto,Cairo,-8.69482,-126.96084,Cairo,Brazil,0,0,Major,Bird strike
EVT001057,2017-12-18T04:58:00,GlobalAir,GL8162,Airbus A320,Jet,Toronto,Mumbai,57.79715,71.57788,Beijing,France,0,0,Unknown,Weather
EVT001058,2016-04-17T16:54:00,NorthernFlights,NO3319,Bombardier Q400,Turboprop,Berlin,London,4.87333,-179.03301,Berlin,Germany,0,0,Major,Mid-air collision
EVT001059,2019-02-21T12:52:00,TransContinental,TR6340,Embraer 190,Turboprop,Cairo,New York,3.29979,162.15913,Toronto,China,0,0,Unknown,Pilot error
EVT001060,2017-11-29T15:52:00,SkyWays,SK5518,Boeing 737,Jet,Mumbai,Beijing,-30.18553,-152.62202,New York,UK,2,1,Major,Engine failure
EVT001061,2015-12-14T18:19:00,GlobalAir,GL1833,Bombardier Q400,Turboprop,London,Toronto,-1.48165,-165.90874,Berlin,UK,0,0,Minor,Weather
EVT001062,2020-10-24T03:55:00,IslandAir,IS7029,Embraer 190,Turboprop,Sydney,London,-6.33748,-39.97976,Sydney,Egypt,0,0,Hull Loss,Bird strike
EVT001063,2017-10-08T13:00:00,GlobalAir,GL8878,Embraer 190,Turboprop,London,Berlin,-56.60176,33.34316,Cairo,UK,0,0,Unknown,Runway excursion
EVT001064,2018-08-02T21:46:00,NorthernFlights,NO2580,Boeing 737,Jet,Sydney,New York,25.6479,142.42253,Mumbai,Australia,0,0,Minor,Engine failure
EVT001065,2020-10-19T11:28:00,GlobalAir,GL5104,Embraer 190,Turboprop,Cairo,Berlin,28.04349,50.72969,New York,Egypt,0,0,Minor,Weather
EVT001066,2016-04-22T22:22:00,GlobalAir,GL6533,Embraer 190,Turboprop,Toronto,Mumbai,-3.12685,12.03218,Beijing,Canada,0,0,Minor,Runway excursion
EVT001067,2018-10-24T20:31:00,GlobalAir,GL2539,Boeing 747,Jet,Mumbai,Sydney,-24.00089,-19.16749,Mumbai,Germany,0,0,Unknown,Unknown
EVT001068,2015-01-29T00:50:00,IslandAir,IS4871,Embraer 190,Turboprop,Cairo,Mumbai,0.44552,172.07979,New York,India,0,0,Unknown,Bird strike
EVT001069,2017-11-06T17:10:00,SkyWays,SK2008,Airbus A320,Jet,Toronto,Beijing,-16.29278,176.34634,Sydney,Egypt,0,0,Major,Mid-air collision
EVT001070,2017-11-11T00:29:00,IslandAir,IS5798,Bombardier Q400,Turboprop,Cairo,Sao Paulo,-18.34262,163.0714,Berlin,France,0,0,Unknown,Weather
EVT001071,2017-07-11T21:07:00,TransContinental,TR7812,Boeing 747,Jet,Beijing,Berlin,-5.27577,-109.10587,Beijing,USA,0,0,Hull Loss,Pilot error
EVT001072,2017-03-21T09:26:00,TransContinental,TR9016,Embraer 190,Turboprop,Cairo,Beijing,-30.16431,-12.99651,London,UK,0,0,Hull Loss,Bird strike
EVT001073,2019-11-26T17:02:00,NorthernFlights,NO246,Boeing 737,Jet,Berlin,Toronto,-27.03002,-48.048,Sao Paulo,UK,0,0,Unknown,Mid-air collision
EVT001074,2020-11-13T06:51:00,GlobalAir,GL6004,Bombardier Q400,Turboprop,Toronto,Paris,34.46462,0.47029,Beijing,France,0,0,Major,Bird strike
EVT001075,2017-09-22T05:54:00,SkyWays,SK1936,Bombardier Q400,Turboprop,Beijing,Mumbai,44.0851,51.74139,Toronto,Canada,0,0,Unknown,Runway excursion
EVT001076,2018-06-23T18:11:00,SkyWays,SK5907,Bombardier Q400,Turboprop,London,Berlin,34.10125,139.07857,Sydney,Egypt,0,0,Unknown,Unknown
EVT001077,2016-04-02T05:33:00,TransContinental,TR2560,Airbus A330,Jet,Toronto,London,-57.85369,61.47269,Sydney,France,5,2,Major,Unknown
EVT001078,2019-08-07T17:50:00,GlobalAir,GL1584,Embraer 190,Turboprop,Toronto,Berlin,-1.7489,-20.37559,Mumbai,USA,0,0,Minor,Bird strike
EVT001079,2020-09-18T06:46:00,GlobalAir,GL3989,Bombardier Q400,Turboprop,Toronto,Sao Paulo,-19.2192,-58.79026,London,Egypt,0,0,Hull Loss,Pilot error
EVT001080,2018-10-16T21:27:00,TransContinental,TR7549,Airbus A320,Jet,Beijing,Berlin,16.70922,-22.86274,Paris,India,0,0,Minor,Unknown
EVT001081,2015-04-10T18:56:00,GlobalAir,GL8733,Airbus A320,Jet,Cairo,Beijing,5.75903,155.34743,Cairo,Brazil,0,0,Unknown,Weather
EVT001082,2017-02-26T02:35:00,NorthernFlights,NO7248,Airbus A330,Jet,Sao Paulo,Cairo,16.23692,-101.4401,Paris,Egypt,0,0,Unknown,Bird strike
EVT001083,2020-10-04T17:59:00,AeroExpress,AE4658,Airbus A320,Jet,Mumbai,Cairo,1.0149,30.18808,Mumbai,Canada,0,0,Major,Engine failure
EVT001084,2016-07-13T01:19:00,NorthernFlights,NO4397,Airbus A330,Jet,Paris,Sao Paulo,16.36377,118.00795,Toronto,UK,0,0,Minor,Engine failure
EVT001085,2016-04-27T10:43:00,SkyWays,SK8448,Airbus A320,Jet,Mumbai,Sao Paulo,16.49962,96.88706,New York,Germany,0,0,Unknown,Runway excursion
EVT001086,2017-10-28T09:45:00,IslandAir,IS406,Bombardier Q400,Turboprop,Cairo,Sydney,-43.29252,-83.67573,Mumbai,UK,0,0,Hull Loss,Pilot error
EVT001087,2016-09-08T01:22:00,TransContinental,TR2339,Airbus A320,Jet,Beijing,Paris,-11.63312,146.1008,New York,India,0,0,Hull Loss,Bird strike
EVT001088,2017-08-03T05:43:00,GlobalAir,GL2321,Bombardier Q400,Turboprop,New York,Cairo,-32.53498,121.45979,Toronto,Egypt,0,0,Unknown,Weather
EVT001089,2019-09-03T10:37:00,NorthernFlights,NO8056,Boeing 747,Jet,London,Paris,18.23352,71.45445,New York,Germany,0,0,Major,Unknown
EVT001090,2016-10-30T12:26:00,GlobalAir,GL1144,Embraer 190,Turboprop,Beijing,Sydney,-47.87851,-138.40294,Paris,Canada,0,0,Hull Loss,Mid-air collision
EVT001091,2020-05-03T00:03:00,TransContinental,TR7138,Airbus A330,Jet,Mumbai,Sao Paulo,43.86589,158.21737,Toronto,Brazil,0,0,Hull Loss,Engine failure
EVT001092,2019-05-22T17:34:00,AeroExpress,AE7753,Embraer 190,Turboprop,Beijing,London,3.00865,89.70515,New York,Brazil,0,0,Minor,Bird strike
EVT001093,2020-01-07T02:06:00,AeroExpress,AE3232,Embraer 190,Turboprop,Cairo,New York,-26.24323,-172.08808,Cairo,India,0,0,Major,Runway excursion
EVT001094,2020-08-16T22:24:00,GlobalAir,GL5032,Bombardier Q400,Turboprop,New York,Paris,-17.54001,139.57372,Mumbai,India,0,0,Minor,Pilot error
EVT001095,2015-08-10T03:32:00,IslandAir,IS3736,Airbus A330,Jet,Beijing,Cairo,15.27629,82.17669,Toronto,China,0,0,Major,Pilot error
EVT001096,2017-11-04T17:28:00,TransContinental,TR9151,Embraer 190,Turboprop,Cairo,Paris,53.17078,-87.9898,Mumbai,Australia,0,0,Unknown,Weather
EVT001097,2016-01-30T04:02:00,AeroExpress,AE2777,Embraer 190,Turboprop,Toronto,Berlin,-14.92718,-49.93592,Berlin,India,0,0,Minor,Weather
EVT001098,2018-12-07T13:04:00,TransContinental,TR2978,Boeing 737,Jet,New York,Sao Paulo,-35.2394,53.17481,London,UK,0,0,Hull Loss,Engine failure
EVT001099,2016-03-13T12:12:00,GlobalAir,GL9589,Embraer 190,Turboprop,Toronto,Sydney,33.78032,-165.14451,London,Brazil,0,0,Unknown,Runway excursion
EVT001100,2016-11-09T14:54:00,IslandAir,IS8681,Airbus A320,Jet,New York,London,-28.91044,-165.59723,London,France,0,0,Minor,Unknown
EVT001101,2015-09-10T06:57:00,AeroExpress,AE1496,Bombardier Q400,Turboprop,Berlin,Sao Paulo,13.57425,-21.01283,Toronto,France,0,0,Minor,Runway excursion
EVT001102,2020-06-08T21:15:00,GlobalAir,GL9827,Embraer 190,Turboprop,Beijing,Toronto,-9.86692,-95.39402,Mumbai,India,0,0,Minor,Unknown
EVT001103,2016-02-05T20:56:00,SkyWays,SK2215,Boeing 747,Jet,Sydney,Toronto,-31.90648,-21.53059,Beijing,Canada,0,0,Unknown,Unknown
EVT001104,2017-07-16T18:33:00,TransContinental,TR2862,Boeing 737,Jet,Sao Paulo,Sydney,51.11682,-16.36347,Sydney,Canada,0,0,Hull Loss,Mid-air collision
EVT001105,2019-02-23T23:14:00,AeroExpress,AE6172,Airbus A330,Jet,Mumbai,Sydney,-30.74537,-27.92245,Beijing,Australia,0,0,Hull Loss,Unknown
EVT001106,2016-01-17T23:14:00,AeroExpress,AE367,Airbus A320,Jet,London,Toronto,11.43833,-85.95229,Cairo,Canada,0,0,Major,Engine failure
EVT001107,2016-11-08T08:22:00,IslandAir,IS1778,Airbus A330,Jet,Paris,Cairo,-47.00923,-177.74372,London,India,0,0,Hull Loss,Engine failure
EVT001108,2020-11-13T12:33:00,SkyWays,SK2612,Embraer 190,Turboprop,Mumbai,Sao Paulo,-43.23687,-158.78355,Sydney,Canada,0,0,Minor,Bird strike
EVT001109,2015-11-09T10:51:00,NorthernFlights,NO6658,Airbus A330,Jet,Beijing,Sao Paulo,-49.65296,-4.34292,Sydney,Australia,0,0,Major,Runway excursion
EVT001110,2017-05-27T02:45:00,TransContinental,TR8747,Bombardier Q400,Turboprop,Beijing,Cairo,-17.29872,3.18682,Paris,Canada,0,1,Major,Pilot error
EVT001111,2019-06-26T23:22:00,SkyWays,SK3386,Boeing 737,Jet,Sydney,Toronto,-14.40475,42.30291,Toronto,UK,0,0,Major,Bird strike
EVT001112,2019-01-25T12:32:00,IslandAir,IS8123,Boeing 737,Jet,Toronto,Berlin,1.24959,-111.25332,Paris,Germany,0,0,Minor,Pilot error
EVT001113,2019-10-11T11:47:00,GlobalAir,GL9247,Bombardier Q400,Turboprop,London,Sydney,-9.11064,5.05202,Mumbai,USA,0,3,Major,Mid-air collision
EVT001114,2019-05-15T18:45:00,AeroExpress,AE1921,Boeing 737,Jet,New York,Sydney,-4.30198,69.41687,Paris,UK,0,0,Major,Runway excursion
EVT001115,2020-03-17T15:27:00,GlobalAir,GL6303,Embraer 190,Turboprop,Berlin,Sydney,55.05174,-111.08939,Cairo,Canada,0,0,Major,Bird strike
EVT001116,2019-10-18T21:13:00,SkyWays,SK1550,Airbus A330,Jet,New York,Toronto,-2.81507,24.9079,New York,Brazil,0,0,Unknown,Mid-air collision
EVT001117,2018-01-12T19:49:00,AeroExpress,AE431,Airbus A330,Jet,Paris,Toronto,47.37508,-64.71302,Sao Paulo,Germany,0,0,Major,Runway excursion
EVT001118,2020-10-16T19:20:00,AeroExpress,AE2711,Airbus A330,Jet,Beijing,Paris,9.26397,-105.80783,New York,USA,4,0,Major,Unknown
EVT001119,2019-11-28T04:51:00,AeroExpress,AE8115,Boeing 737,Jet,Toronto,London,-21.60151,114.14368,Sao Paulo,Germany,0,0,Unknown,Runway excursion
EVT001120,2016-12-11T15:29:00,SkyWays,SK8207,Boeing 737,Jet,Cairo,New York,35.93232,-9.23943,Toronto,Australia,0,0,Minor,Runway excursion
EVT001121,2020-09-15T00:41:00,NorthernFlights,NO9838,Airbus A330,Jet,Beijing,Sydney,-8.56243,169.52396,Beijing,Egypt,1,1,Major,Mid-air collision
EVT001122,2017-02-18T20:59:00,NorthernFlights,NO2730,Airbus A320,Jet,Toronto,Mumbai,23.94746,-86.93791,London,UK,0,1,Major,Unknown
EVT001123,2015-05-28T08:23:00,AeroExpress,AE4651,Airbus A320,Jet,Sao Paulo,London,8.45514,-21.61228,Mumbai,Australia,0,0,Hull Loss,Bird strike
EVT001124,2016-08-08T05:16:00,GlobalAir,GL1624,Bombardier Q400,Turboprop,Mumbai,Berlin,12.29698,68.72351,Sydney,China,0,0,Unknown,Weather
EVT001125,2017-05-03T09:56:00,AeroExpress,AE4414,Airbus A320,Jet,Paris,Berlin,-29.91974,50.70209,Mumbai,China,0,1,Hull Loss,Mid-air collision
EVT001126,2018-10-06T03:36:00,NorthernFlights,NO8434,Embraer 190,Turboprop,New York,London,39.966,-34.6421,Cairo,China,0,0,Major,Weather
EVT001127,2018-10-31T13:12:00,SkyWays,SK1502,Boeing 747,Jet,Paris,Sydney,-43.96495,119.51796,Cairo,USA,0,0,Unknown,Weather
EVT001128,2017-01-31T23:36:00,SkyWays,SK6460,Airbus A320,Jet,Beijing,Paris,34.06575,52.65108,Toronto,UK,0,0,Unknown,Pilot error
EVT001129,2019-04-10T22:18:00,SkyWays,SK8279,Boeing 747,Jet,Mumbai,Toronto,37.8801,92.44438,Paris,China,0,0,Major,Bird strike
EVT001130,2015-04-22T04:37:00,TransContinental,TR2035,Bombardier Q400,Turboprop,Mumbai,Sydney,27.35646,158.43137,New York,UK,4,3,Unknown,Bird strike
EVT001131,2017-03-16T16:33:00,AeroExpress,AE329,Boeing 737,Jet,Berlin,Cairo,34.93387,121.10109,Sao Paulo,France,0,0,Unknown,Engine failure
EVT001132,2018-09-27T08:23:00,SkyWays,SK5376,Airbus A320,Jet,Mumbai,Paris,52.11633,156.07936,New York,India,0,0,Unknown,Weather
EVT001133,2016-06-21T06:51:00,GlobalAir,GL3573,Bombardier Q400,Turboprop,Sao Paulo,Toronto,12.64315,-142.8297,London,Australia,0,1,Hull Loss,Unknown
EVT001134,2017-12-05T05:21:00,NorthernFlights,NO858,Boeing 737,Jet,London,Cairo,-4.43436,-165.37996,New York,Egypt,0,0,Hull Loss,Pilot error
EVT001135,2017-12-29T01:08:00,AeroExpress,AE2530,Boeing 737,Jet,New York,Sao Paulo,24.41608,-114.03281,Sydney,India,0,0,Unknown,Engine failure
EVT001136,2016-09-29T10:48:00,IslandAir,IS9675,Airbus A320,Jet,New York,Berlin,-30.701,36.6325,Toronto,USA,0,0,Hull Loss,Runway excursion
EVT001137,2020-11-06T14:34:00,NorthernFlights,NO9945,Boeing 747,Jet,Toronto,Mumbai,6.16307,46.81514,Toronto,Germany,0,0,Minor,Unknown
EVT001138,2017-07-12T17:39:00,AeroExpress,AE4244,Boeing 737,Jet,London,Cairo,-20.64563,-96.83464,London,Germany,0,0,Unknown,Mid-air collision
EVT001139,2020-07-12T21:50:00,SkyWays,SK7482,Airbus A320,Jet,Paris,Berlin,-11.47004,24.53323,Mumbai,China,2,1,Major,Weather
EVT001140,2018-05-07T10:51:00,GlobalAir,GL171,Boeing 737,Jet,Berlin,Cairo,45.63363,-79.00029,New York,UK,0,0,Major,Engine failure
EVT001141,2017-03-12T17:47:00,SkyWays,SK3359,Bombardier Q400,Turboprop,London,New York,44.67227,-90.92704,Sydney,France,0,0,Minor,Mid-air collision
EVT001142,2015-03-11T17:14:00,IslandAir,IS367,Embraer 190,Turboprop,Sydney,New York,10.24292,-130.97666,London,Brazil,0,0,Hull Loss,Engine failure
EVT001143,2016-03-11T19:49:00,GlobalAir,GL7372,Airbus A330,Jet,Beijing,New York,-32.52305,43.45922,Beijing,UK,0,0,Unknown,Unknown
EVT001144,2018-01-20T09:36:00,TransContinental,TR5085,Embraer 190,Turboprop,Berlin,New York,54.16534,-45.65363,Mumbai,China,0,0,Hull Loss,Weather
EVT001145,2019-04-12T13:42:00,GlobalAir,GL8500,Bombardier Q400,Turboprop,London,Toronto,-10.85605,-153.33317,Cairo,Canada,0,0,Minor,Engine failure
EVT001146,2015-07-09T17:47:00,NorthernFlights,NO2657,Airbus A330,Jet,Cairo,Sydney,-37.819,-90.3396,Berlin,Australia,0,0,Hull Loss,Unknown
EVT001147,2017-12-23T01:43:00,TransContinental,TR1436,Bombardier Q400,Turboprop,Beijing,Berlin,32.01655,154.49227,Beijing,UK,0,0,Minor,Weather
EVT001148,2018-02-13T05:02:00,NorthernFlights,NO3467,Airbus A330,Jet,Sydney,Beijing,-12.88163,45.26611,Toronto,France,0,0,Minor,Engine failure
EVT001149,2020-01-25T11:54:00,TransContinental,TR4431,Airbus A330,Jet,Mumbai,Paris,19.43459,175.62701,Sao Paulo,France,0,0,Minor,Engine failure
EVT001150,2020-01-07T00:09:00,SkyWays,SK4030,Embraer 190,Turboprop,Mumbai,Toronto,-49.8683,-56.15011,Mumbai,Australia,0,0,Unknown,Bird strike
EVT001151,2018-09-22T12:39:00,TransContinental,TR1708,Airbus A330,Jet,Beijing,Mumbai,-3.81395,60.76832,Mumbai,China,0,1,Unknown,Engine failure
EVT001152,2016-02-02T15:28:00,NorthernFlights,NO2987,Airbus A330,Jet,Beijing,New York,-53.64112,70.58645,Paris,Brazil,0,0,Unknown,Pilot error
EVT001153,2015-09-23T13:08:00,IslandAir,IS8334,Embraer 190,Turboprop,Cairo,New York,59.4186,-77.11596,Sydney,UK,0,0,Major,Engine failure
EVT001154,2018-03-23T19:50:00,NorthernFlights,NO1510,Airbus A320,Jet,Berlin,New York,58.49035,164.63116,Cairo,China,0,0,Unknown,Weather
EVT001155,2019-11-08T17:37:00,IslandAir,IS3279,Boeing 737,Jet,Berlin,Beijing,-3.45276,-143.21473,Beijing,Canada,3,0,Unknown,Runway excursion
EVT001156,2019-03-05T21:14:00,IslandAir,IS9352,Airbus A320,Jet,London,Berlin,16.17337,143.37314,Toronto,China,0,0,Unknown,Bird strike
EVT001157,2017-08-04T09:30:00,GlobalAir,GL261,Airbus A320,Jet,Mumbai,Beijing,12.88228,167.7643,Beijing,Brazil,0,0,Major,Unknown
EVT001158,2016-11-09T21:03:00,IslandAir,IS4594,Embraer 190,Turboprop,New York,Sao Paulo,40.44548,79.17045,New York,UK,0,0,Minor,Pilot error
EVT001159,2020-05-17T07:21:00,SkyWays,SK7724,Airbus A330,Jet,Beijing,Mumbai,55.74856,133.12617,New York,Egypt,0,0,Major,Weather
EVT001160,2020-10-13T05:43:00,SkyWays,SK8064,Boeing 737,Jet,Mumbai,Sao Paulo,-33.61274,-79.14357,Sao Paulo,USA,0,0,Minor,Bird strike
EVT001161,2017-04-10T04:26:00,NorthernFlights,NO9936,Embraer 190,Turboprop,Cairo,Paris,-30.83696,-12.05364,Mumbai,France,0,0,Hull Loss,Weather
EVT001162,2020-09-05T14:44:00,NorthernFlights,NO2009,Bombardier Q400,Turboprop,Sydney,Cairo,-58.74843,74.54362,Cairo,Canada,0,0,Unknown,Pilot error
EVT001163,2018-03-18T09:53:00,TransContinental,TR1620,Boeing 747,Jet,Paris,Toronto,37.16254,-161.36918,Toronto,India,0,0,Hull Loss,Pilot error
EVT001164,2020-09-15T18:18:00,GlobalAir,GL2092,Airbus A320,Jet,Sao Paulo,New York,3.04273,88.5449,Mumbai,Australia,0,0,Major,Bird strike
EVT001165,2016-07-23T21:53:00,IslandAir,IS4176,Boeing 737,Jet,Sao Paulo,Sydney,-14.05347,159.67998,Cairo,USA,0,0,Minor,Pilot error
EVT001166,2018-10-01T11:43:00,IslandAir,IS4487,Bombardier Q400,Turboprop,London,Beijing,-51.13061,-157.36219,Berlin,Australia,0,0,Hull Loss,Unknown
EVT001167,2017-02-24T01:45:00,NorthernFlights,NO2291,Airbus A320,Jet,Sao Paulo,Berlin,0.43847,50.10908,Beijing,Germany,0,0,Minor,Pilot error
EVT001168,2019-05-26T16:31:00,IslandAir,IS3159,Boeing 747,Jet,London,Beijing,-17.44435,-179.69044,London,Egypt,0,0,Major,Mid-air collision
EVT001169,2019-08-28T07:14:00,IslandAir,IS4456,Embraer 190,Turboprop,Mumbai,Beijing,-51.15227,-50.33344,Beijing,Canada,0,0,Major,Pilot error
EVT001170,2020-06-25T16:45:00,GlobalAir,GL1761,Boeing 737,Jet,Sydney,Toronto,-38.17368,121.00307,Mumbai,UK,0,0,Hull Loss,Pilot error
EVT001171,2020-11-20T18:55:00,TransContinental,TR6726,Airbus A320,Jet,Sao Paulo,Paris,-19.97132,146.12508,New York,Australia,0,4,Minor,Bird strike
EVT001172,2018-02-17T08:32:00,TransContinental,TR6947,Boeing 747,Jet,Paris,Mumbai,-19.23576,-14.18777,Beijing,China,0,1,Hull Loss,Weather
EVT001173,2016-11-07T21:22:00,AeroExpress,AE2385,Airbus A320,Jet,New York,Sao Paulo,45.28652,-6.80497,Beijing,France,0,0,Hull Loss,Bird strike
EVT001174,2018-07-31T11:20:00,AeroExpress,AE8805,Embraer 190,Turboprop,Berlin,Cairo,-52.5197,-44.85007,Cairo,Brazil,0,0,Unknown,Unknown
EVT001175,2019-09-21T12:07:00,TransContinental,TR627,Airbus A330,Jet,Sydney,Toronto,-33.0585,159.64753,Sao Paulo,USA,0,0,Hull Loss,Runway excursion
EVT001176,2018-11-27T17:53:00,TransContinental,TR5704,Boeing 747,Jet,New York,Berlin,49.67309,-133.21662,Beijing,Egypt,0,0,Hull Loss,Unknown
EVT001177,2019-09-07T17:12:00,SkyWays,SK6731,Boeing 737,Jet,Beijing,Paris,16.9497,96.87569,Mumbai,Brazil,0,0,Major,Mid-air collision
EVT001178,2019-02-23T09:19:00,NorthernFlights,NO5512,Airbus A320,Jet,Sydney,Cairo,-51.41574,-5.532,Toronto,Egypt,0,0,Hull Loss,Weather
EVT001179,2019-03-28T02:33:00,IslandAir,IS4623,Boeing 737,Jet,Mumbai,New York,42.20318,52.09806,Mumbai,France,0,0,Hull Loss,Bird strike
EVT001180,2017-03-19T11:45:00,SkyWays,SK7540,Airbus A330,Jet,Berlin,Sao Paulo,54.94578,19.70121,Cairo,Egypt,0,0,Minor,Weather
EVT001181,2016-11-24T02:33:00,GlobalAir,GL8280,Boeing 747,Jet,Sydney,Beijing,20.36457,112.33942,Paris,Canada,0,0,Hull Loss,Unknown
EVT001182,2015-11-23T09:55:00,AeroExpress,AE8369,Boeing 737,Jet,New York,Cairo,-42.42687,-37.00831,London,Canada,0,0,Major,Pilot error
EVT001183,2015-11-20T21:46:00,NorthernFlights,NO863,Airbus A320,Jet,Sao Paulo,Beijing,10.19055,0.31559,Toronto,Canada,0,0,Hull Loss,Engine failure
EVT001184,2016-04-04T12:35:00,AeroExpress,AE6365,Embraer 190,Turboprop,New York,Cairo,49.98903,75.34106,Sydney,China,0,0,Major,Bird strike
EVT001185,2015-11-01T15:09:00,SkyWays,SK3412,Embraer 190,Turboprop,Sao Paulo,Paris,-23.11576,-41.04779,Beijing,UK,0,0,Minor,Bird strike
EVT001186,2015-01-03T12:47:00,GlobalAir,GL1894,Airbus A330,Jet,Sao Paulo,Toronto,49.25698,160.71802,Berlin,Canada,0,0,Unknown,Engine failure
EVT001187,2020-07-30T21:16:00,GlobalAir,GL5564,Airbus A330,Jet,Sydney,London,46.38969,132.2497,Paris,Germany,0,0,Minor,Pilot error
EVT001188,2019-10-04T16:16:00,NorthernFlights,NO343,Boeing 737,Jet,Mumbai,New York,5.93951,-172.7066,Cairo,Egypt,3,2,Major,Mid-air collision
EVT001189,2016-01-07T10:54:00,GlobalAir,GL1996,Bombardier Q400,Turboprop,Sydney,Cairo,3.44253,-99.9655,New York,Brazil,0,0,Major,Mid-air collision
EVT001190,2017-09-26T17:35:00,GlobalAir,GL5667,Embraer 190,Turboprop,Sao Paulo,Cairo,-29.28348,112.3694,Toronto,France,0,0,Hull Loss,Pilot error
EVT001191,2018-06-27T20:03:00,IslandAir,IS858,Embraer 190,Turboprop,Cairo,Beijing,4.71656,16.20738,London,Canada,0,0,Hull Loss,Mid-air collision
EVT001192,2016-02-11T20:04:00,IslandAir,IS3085,Boeing 737,Jet,New York,Paris,-37.77189,138.09905,Berlin,Germany,0,0,Minor,Bird strike
EVT001193,2015-09-15T04:05:00,TransContinental,TR5354,Bombardier Q400,Turboprop,Sao Paulo,Toronto,1.21087,130.45148,Berlin,India,0,0,Unknown,Pilot error
EVT001194,2016-03-27T16:41:00,GlobalAir,GL2946,Bombardier Q400,Turboprop,Mumbai,Beijing,-28.07198,152.70551,London,China,0,0,Minor,Weather
EVT001195,2020-09-25T05:27:00,GlobalAir,GL8970,Embraer 190,Turboprop,Paris,Sydney,30.18964,-53.83298,Cairo,France,0,0,Hull Loss,Pilot error
EVT001196,2020-03-03T16:22:00,SkyWays,SK5311,Airbus A330,Jet,Beijing,Toronto,-0.42529,65.96836,Paris,Australia,0,0,Major,Unknown
EVT001197,2016-05-06T16:28:00,IslandAir,IS9323,Bombardier Q400,Turboprop,Sao Paulo,London,-42.24764,112.68395,Sao Paulo,USA,0,0,Major,Engine failure
EVT001198,2015-08-21T18:43:00,AeroExpress,AE8984,Airbus A320,Jet,London,Cairo,-9.76592,30.52238,Paris,Germany,0,0,Major,Bird strike
EVT001199,2017-01-29T19:29:00,GlobalAir,GL4133,Bombardier Q400,Turboprop,Cairo,Berlin,42.05745,79.79338,Cairo,USA,0,0,Hull Loss,Engine failure
EVT001200,2016-10-11T20:41:00,IslandAir,IS4074,Boeing 747,Jet,Beijing,Cairo,-1.1669,-171.8316,Sao Paulo,Egypt,0,0,Hull Loss,Engine failure
EVT001201,2019-06-28T11:10:00,NorthernFlights,NO7165,Boeing 737,Jet,Sydney,Cairo,-24.7584,-126.29559,London,India,0,0,Minor,Mid-air collision
EVT001202,2019-09-16T07:27:00,SkyWays,SK2744,Boeing 747,Jet,Paris,Beijing,11.58733,-1.00089,Mumbai,France,0,0,Major,Weather
EVT001203,2017-06-29T11:06:00,AeroExpress,AE4257,Bombardier Q400,Turboprop,London,Sao Paulo,47.11466,3.72704,Paris,Brazil,0,0,Unknown,Pilot error
EVT001204,2017-08-01T14:54:00,IslandAir,IS9168,Boeing 747,Jet,Toronto,Cairo,-55.01704,75.06005,Cairo,Egypt,0,0,Hull Loss,Engine failure
EVT001205,2017-06-21T14:04:00,NorthernFlights,NO8634,Bombardier Q400,Turboprop,Berlin,London,-34.65872,-0.54659,Mumbai,Brazil,0,0,Minor,Bird strike
EVT001206,2019-06-06T20:57:00,SkyWays,SK5461,Airbus A320,Jet,London,Toronto,39.69772,-90.6647,New York,Canada,0,0,Hull Loss,Runway excursion
EVT001207,2020-07-01T11:12:00,NorthernFlights,NO7331,Airbus A320,Jet,Paris,Cairo,-43.80496,106.8656,Cairo,Canada,0,0,Minor,Runway excursion
EVT001208,2019-06-15T08:55:00,NorthernFlights,NO2342,Airbus A320,Jet,Toronto,New York,36.86001,-176.44766,New York,France,0,2,Minor,Engine failure
EVT001209,2017-01-11T16:28:00,SkyWays,SK5839,Boeing 747,Jet,Cairo,Toronto,26.94922,-11.17451,Sao Paulo,China,0,0,Unknown,Weather
EVT001210,2016-09-15T10:22:00,SkyWays,SK7896,Boeing 737,Jet,London,Sao Paulo,-31.06971,104.35361,New York,China,0,0,Minor,Runway excursion
EVT001211,2016-01-09T18:03:00,IslandAir,IS539,Airbus A330,Jet,New York,London,31.53272,-166.40878,New York,India,0,0,Hull Loss,Weather
EVT001212,2018-10-11T02:10:00,SkyWays,SK2801,Embraer 190,Turboprop,Berlin,Cairo,18.16676,-102.87501,Beijing,Australia,0,0,Major,Weather
EVT001213,2016-08-16T17:20:00,AeroExpress,AE4638,Bombardier Q400,Turboprop,Sydney,London,-18.12664,119.65897,London,China,2,4,Major,Runway excursion
EVT001214,2019-04-09T06:13:00,GlobalAir,GL4223,Airbus A320,Jet,London,Mumbai,59.88144,122.45586,Berlin,Egypt,0,1,Hull Loss,Engine failure
EVT001215,2020-04-27T00:47:00,IslandAir,IS1297,Airbus A330,Jet,London,Toronto,-31.42991,-51.21527,New York,Australia,0,0,Minor,Weather
EVT001216,2017-10-27T22:22:00,AeroExpress,AE4214,Embraer 190,Turboprop,Berlin,Mumbai,18.25482,144.29798,Sydney,Australia,0,0,Hull Loss,Pilot error
EVT001217,2017-04-18T01:11:00,AeroExpress,AE4071,Boeing 737,Jet,Paris,Sao Paulo,22.35012,-39.11538,Paris,Egypt,0,0,Unknown,Pilot error
EVT001218,2018-11-24T05:53:00,AeroExpress,AE6627,Boeing 747,Jet,Beijing,Cairo,-44.34813,-154.55861,London,India,0,0,Hull Loss,Runway excursion
EVT001219,2015-11-10T04:45:00,SkyWays,SK741,Boeing 737,Jet,Toronto,Sao Paulo,-51.23128,-1.88168,Berlin,USA,0,0,Major,Engine failure
EVT001220,2015-03-05T22:08:00,GlobalAir,GL2802,Airbus A330,Jet,Beijing,New York,17.19876,133.55994,Sydney,USA,0,0,Minor,Runway excursion
EVT001221,2016-04-14T11:05:00,IslandAir,IS6020,Bombardier Q400,Turboprop,Toronto,Sydney,-27.01606,-54.60091,Berlin,USA,0,0,Hull Loss,Engine failure
EVT001222,2017-01-10T07:09:00,IslandAir,IS548,Bombardier Q400,Turboprop,Toronto,Berlin,-32.78649,2.04773,Paris,Canada,2,2,Major,Bird strike
EVT001223,2019-11-08T13:17:00,AeroExpress,AE850,Bombardier Q400,Turboprop,Cairo,New York,22.51703,54.89918,Sydney,India,0,0,Major,Unknown
EVT001224,2019-02-14T20:25:00,NorthernFlights,NO345,Airbus A330,Jet,Toronto,Sao Paulo,48.01506,46.34791,Cairo,France,2,1,Hull Loss,Weather
EVT001225,2016-08-14T00:39:00,GlobalAir,GL4451,Airbus A330,Jet,Sao Paulo,Paris,31.21628,170.70792,Sao Paulo,China,0,0,Major,Runway excursion
EVT001226,2016-01-13T13:15:00,GlobalAir,GL580,Boeing 737,Jet,Cairo,Sydney,-47.96903,-20.59976,London,USA,0,1,Major,Unknown
EVT001227,2018-01-24T22:24:00,IslandAir,IS8991,Airbus A320,Jet,London,Toronto,-24.70156,48.23993,Berlin,UK,0,0,Major,Bird strike
EVT001228,2017-08-24T16:10:00,AeroExpress,AE3042,Bombardier Q400,Turboprop,Toronto,New York,-1.40586,-96.41847,Mumbai,UK,0,0,Hull Loss,Engine failure
EVT001229,2020-07-29T03:06:00,IslandAir,IS4886,Embraer 190,Turboprop,Beijing,Paris,-47.95858,120.71993,London,India,0,0,Minor,Unknown
EVT001230,2020-03-15T22:36:00,AeroExpress,AE1168,Embraer 190,Turboprop,Mumbai,Beijing,58.62015,-71.82367,Sydney,UK,0,0,Unknown,Runway excursion
EVT001231,2018-05-09T12:57:00,IslandAir,IS1198,Boeing 747,Jet,London,Cairo,33.42638,-2.82414,Sydney,Canada,0,0,Unknown,Engine failure
EVT001232,2015-12-20T07:18:00,AeroExpress,AE4516,Embraer 190,Turboprop,London,Berlin,-48.46324,160.51315,Beijing,Australia,0,0,Unknown,Runway excursion
EVT001233,2019-03-13T11:27:00,TransContinental,TR6115,Airbus A330,Jet,London,Toronto,46.51881,29.01931,Mumbai,India,0,0,Minor,Pilot error
EVT001234,2019-04-07T03:58:00,IslandAir,IS2514,Boeing 737,Jet,Berlin,New York,-42.74567,159.36419,Cairo,Egypt,0,0,Minor,Pilot error
EVT001235,2019-06-25T14:11:00,IslandAir,IS3120,Airbus A320,Jet,Toronto,Paris,-56.05301,165.05226,Toronto,France,1,0,Hull Loss,Runway excursion
EVT001236,2017-11-08T04:00:00,GlobalAir,GL579,Bombardier Q400,Turboprop,Paris,Sao Paulo,-8.4054,48.71472,Berlin,Australia,0,0,Unknown,Weather
EVT001237,2019-10-03T08:50:00,NorthernFlights,NO7364,Bombardier Q400,Turboprop,London,Mumbai,-38.16778,-8.54282,Beijing,UK,0,0,Major,Unknown
EVT001238,2018-04-24T09:27:00,NorthernFlights,NO4928,Embraer 190,Turboprop,Mumbai,Cairo,-3.12967,68.46141,Cairo,France,0,0,Minor,Runway excursion
EVT001239,2019-12-14T17:49:00,AeroExpress,AE6264,Boeing 737,Jet,Mumbai,Sydney,-24.05646,82.08057,Cairo,UK,1,0,Major,Unknown
EVT001240,2019-04-15T18:05:00,AeroExpress,AE3210,Airbus A320,Jet,Berlin,Cairo,27.75555,-66.85713,Mumbai,Germany,0,1,Minor,Weather
EVT001241,2017-07-29T23:59:00,NorthernFlights,NO8203,Airbus A320,Jet,London,Paris,-18.37607,177.23719,London,China,4,1,Hull Loss,Runway excursion
EVT001242,2015-12-02T18:44:00,AeroExpress,AE1876,Boeing 737,Jet,Beijing,New York,0.01082,-80.93007,Mumbai,Canada,2,1,Minor,Engine failure
EVT001243,2016-09-16T20:20:00,NorthernFlights,NO9760,Boeing 737,Jet,Berlin,Paris,47.1405,-130.64839,Beijing,Egypt,0,0,Hull Loss,Runway excursion
EVT001244,2017-05-12T19:40:00,SkyWays,SK3553,Airbus A330,Jet,Cairo,Mumbai,-21.80082,178.29755,Paris,France,2,1,Hull Loss,Pilot error
EVT001245,2020-12-08T23:56:00,GlobalAir,GL4428,Boeing 747,Jet,Sao Paulo,Beijing,42.23537,4.8832,London,China,0,0,Minor,Runway excursion
EVT001246,2018-08-04T07:29:00,SkyWays,SK9636,Airbus A330,Jet,London,Mumbai,28.32342,-110.31112,Paris,Egypt,0,0,Major,Mid-air collision
EVT001247,2016-07-09T08:54:00,TransContinental,TR1268,Boeing 737,Jet,London,Beijing,13.62696,91.49915,Paris,Germany,0,0,Minor,Runway excursion
EVT001248,2018-04-06T16:28:00,GlobalAir,GL7570,Boeing 737,Jet,Cairo,New York,41.23533,-179.79076,Beijing,USA,0,0,Major,Runway excursion
EVT001249,2018-05-20T20:03:00,NorthernFlights,NO1516,Boeing 737,Jet,Berlin,Mumbai,-59.02707,-136.7843,Paris,USA,0,0,Minor,Unknown
EVT001250,2020-09-04T05:29:00,SkyWays,SK9008,Embraer 190,Turboprop,Sydney,Paris,-1.81467,135.27858,Sao Paulo,China,3,1,Hull Loss,Mid-air collision
EVT001251,2019-01-13T21:23:00,TransContinental,TR8858,Bombardier Q400,Turboprop,Mumbai,Berlin,56.87375,-53.802,Beijing,Egypt,0,0,Unknown,Pilot error
EVT001252,2015-03-26T04:31:00,NorthernFlights,NO4917,Bombardier Q400,Turboprop,Sydney,Paris,38.80005,139.13671,Paris,Canada,0,0,Unknown,Runway excursion
EVT001253,2018-09-27T07:29:00,TransContinental,TR142,Boeing 747,Jet,Paris,Mumbai,-45.80279,120.35512,New York,UK,0,0,Major,Pilot error
EVT001254,2016-01-13T10:31:00,NorthernFlights,NO8378,Airbus A320,Jet,Cairo,Toronto,37.82485,-32.30079,London,India,0,0,Major,Engine failure
EVT001255,2018-10-17T21:58:00,AeroExpress,AE5781,Airbus A320,Jet,Cairo,Beijing,44.34654,17.40221,Beijing,Australia,0,0,Hull Loss,Runway excursion
EVT001256,2020-11-25T16:54:00,IslandAir,IS391,Airbus A330,Jet,Cairo,Paris,-20.61525,120.50252,Toronto,UK,0,0,Unknown,Weather
EVT001257,2020-12-08T18:41:00,NorthernFlights,NO5084,Boeing 737,Jet,Beijing,Sao Paulo,43.02459,-34.62142,Toronto,China,0,1,Hull Loss,Pilot error
EVT001258,2020-09-07T05:51:00,AeroExpress,AE9645,Boeing 747,Jet,Cairo,Toronto,-49.36075,-159.85474,London,Australia,0,0,Major,Bird strike
EVT001259,2020-07-25T07:11:00,SkyWays,SK2441,Embraer 190,Turboprop,Berlin,New York,25.27635,-54.77088,Toronto,USA,0,0,Major,Unknown
EVT001260,2018-11-30T20:25:00,TransContinental,TR2140,Airbus A320,Jet,Sydney,Mumbai,17.34564,154.64586,Toronto,France,0,0,Hull Loss,Engine failure
EVT001261,2016-10-20T19:58:00,AeroExpress,AE1280,Airbus A320,Jet,Sao Paulo,London,-13.87646,-120.28472,Paris,USA,0,0,Unknown,Unknown
EVT001262,2019-09-06T01:04:00,TransContinental,TR8692,Airbus A320,Jet,Berlin,Toronto,23.57482,-30.51608,Cairo,India,0,2,Unknown,Bird strike
EVT001263,2018-10-25T09:40:00,NorthernFlights,NO6766,Airbus A320,Jet,London,New York,25.79556,104.51463,Beijing,USA,0,0,Hull Loss,Unknown
EVT001264,2019-03-12T04:02:00,TransContinental,TR7664,Airbus A330,Jet,Beijing,Sao Paulo,16.55374,-108.29506,London,Australia,0,1,Minor,Pilot error
EVT001265,2020-01-04T20:42:00,SkyWays,SK6541,Bombardier Q400,Turboprop,New York,Berlin,-31.26323,125.66195,London,Australia,0,0,Major,Pilot error
EVT001266,2020-11-02T12:56:00,TransContinental,TR2924,Boeing 737,Jet,Beijing,Cairo,-28.06274,52.49606,Sydney,France,0,0,Major,Bird strike
EVT001267,2016-11-01T17:28:00,NorthernFlights,NO4147,Embraer 190,Turboprop,London,Beijing,-57.00571,-112.94422,Toronto,Egypt,0,0,Unknown,Engine failure
EVT001268,2018-10-15T02:16:00,TransContinental,TR9891,Boeing 737,Jet,Beijing,New York,13.77317,33.82905,London,India,0,0,Hull Loss,Runway excursion
EVT001269,2020-03-15T01:29:00,GlobalAir,GL2189,Embraer 190,Turboprop,Paris,Beijing,-5.05253,-102.43287,New York,France,0,0,Major,Engine failure
EVT001270,2019-05-09T14:15:00,AeroExpress,AE2612,Embraer 190,Turboprop,New York,Beijing,-19.41387,-23.14166,Mumbai,Australia,0,0,Major,Pilot error
EVT001271,2016-03-31T12:43:00,GlobalAir,GL6155,Boeing 737,Jet,London,Paris,-32.45876,80.92126,Cairo,Australia,0,1,Major,Unknown
EVT001272,2018-01-25T08:00:00,SkyWays,SK3254,Embraer 190,Turboprop,Mumbai,Cairo,38.67627,-70.40835,Berlin,China,3,1,Unknown,Bird strike
EVT001273,2019-03-13T13:25:00,IslandAir,IS8325,Airbus A320,Jet,Sydney,Berlin,-1.9919,-170.65462,Toronto,Egypt,0,0,Unknown,Weather
EVT001274,2017-11-02T22:41:00,IslandAir,IS9414,Boeing 737,Jet,Beijing,Sydney,21.70781,-122.10442,Beijing,China,2,0,Major,Pilot error
EVT001275,2015-11-21T04:57:00,TransContinental,TR1333,Boeing 737,Jet,London,Paris,-0.01687,-66.89821,Toronto,UK,0,0,Hull Loss,Mid-air collision
EVT001276,2019-09-24T10:05:00,SkyWays,SK2142,Boeing 747,Jet,Beijing,Cairo,6.92441,-110.08234,Mumbai,India,0,2,Minor,Mid-air collision
EVT001277,2020-04-08T05:18:00,IslandAir,IS1064,Boeing 737,Jet,New York,Berlin,18.97895,135.77636,Beijing,Germany,0,0,Minor,Unknown
EVT001278,2017-08-30T13:06:00,TransContinental,TR991,Boeing 747,Jet,Sydney,Sao Paulo,-27.69058,120.19902,Sao Paulo,Australia,0,0,Unknown,Pilot error
EVT001279,2018-11-25T17:06:00,AeroExpress,AE3380,Airbus A320,Jet,Mumbai,London,56.77639,-40.89451,Toronto,France,0,0,Unknown,Weather
EVT001280,2019-09-06T07:09:00,GlobalAir,GL6727,Bombardier Q400,Turboprop,Berlin,Sao Paulo,40.8958,-145.03218,Paris,China,0,1,Unknown,Pilot error
EVT001281,2019-02-18T04:45:00,AeroExpress,AE6799,Boeing 737,Jet,New York,Sao Paulo,-6.93465,-82.27322,New York,UK,0,0,Unknown,Runway excursion
EVT001282,2017-09-23T09:19:00,SkyWays,SK1644,Airbus A320,Jet,Cairo,New York,-20.76758,-64.41624,Cairo,France,0,0,Minor,Runway excursion
EVT001283,2015-03-22T08:41:00,GlobalAir,GL4502,Airbus A320,Jet,Cairo,Sydney,50.77965,88.74343,New York,France,0,0,Major,Runway excursion
EVT001284,2015-09-27T18:00:00,GlobalAir,GL8050,Airbus A330,Jet,Mumbai,Paris,24.93324,-14.96199,Beijing,India,2,2,Major,Bird strike
EVT001285,2018-02-17T15:45:00,AeroExpress,AE1641,Bombardier Q400,Turboprop,Beijing,Paris,0.27788,-83.22458,Sao Paulo,Egypt,0,0,Major,Bird strike
EVT001286,2017-07-16T09:58:00,IslandAir,IS2116,Airbus A320,Jet,London,Berlin,-14.82146,113.08881,Sao Paulo,Egypt,2,1,Unknown,Runway excursion
EVT001287,2019-03-18T16:13:00,GlobalAir,GL6491,Bombardier Q400,Turboprop,Berlin,Cairo,-56.00358,-93.62834,Berlin,Germany,0,0,Unknown,Mid-air collision
EVT001288,2017-04-17T21:31:00,AeroExpress,AE7308,Embraer 190,Turboprop,Toronto,Mumbai,-13.2642,-87.4787,Sydney,Canada,0,0,Unknown,Bird strike
EVT001289,2020-06-11T21:46:00,AeroExpress,AE9019,Boeing 737,Jet,Sydney,Toronto,34.48949,-64.81584,London,China,0,0,Unknown,Pilot error
EVT001290,2020-07-28T03:55:00,NorthernFlights,NO7552,Embraer 190,Turboprop,Mumbai,Berlin,-56.63399,132.3521,London,Egypt,0,0,Hull Loss,Mid-air collision
EVT001291,2016-04-21T17:26:00,IslandAir,IS3885,Boeing 737,Jet,Toronto,London,54.86264,121.39482,Cairo,China,4,0,Unknown,Pilot error
EVT001292,2017-12-31T12:00:00,AeroExpress,AE9495,Embraer 190,Turboprop,New York,Beijing,-48.27557,37.5273,Paris,India,0,0,Major,Engine failure
EVT001293,2020-03-21T06:47:00,AeroExpress,AE6407,Airbus A330,Jet,Mumbai,New York,-5.31104,37.52603,London,India,0,0,Major,Weather
EVT001294,2015-07-24T14:44:00,TransContinental,TR2642,Embraer 190,Turboprop,Toronto,Sao Paulo,-23.45507,-137.47371,Toronto,Brazil,0,0,Major,Mid-air collision
EVT001295,2015-11-30T15:43:00,GlobalAir,GL7432,Boeing 747,Jet,Cairo,London,13.33981,-155.0281,Beijing,Australia,5,2,Hull Loss,Engine failure
EVT001296,2020-03-04T07:45:00,IslandAir,IS4890,Airbus A330,Jet,Beijing,Paris,-30.39138,-21.3089,New York,Germany,0,0,Unknown,Unknown
EVT001297,2017-12-11T05:04:00,TransContinental,TR6466,Boeing 737,Jet,Toronto,New York,52.68786,-171.8761,Cairo,Australia,0,0,Unknown,Unknown
EVT001298,2019-06-27T06:24:00,GlobalAir,GL9625,Bombardier Q400,Turboprop,Paris,New York,-29.24056,-167.57839,New York,UK,0,0,Hull Loss,Engine failure
EVT001299,2016-03-23T07:27:00,AeroExpress,AE2316,Embraer 190,Turboprop,Cairo,Paris,40.43929,89.87217,Sao Paulo,Brazil,3,2,Unknown,Unknown
EVT001300,2019-07-27T12:28:00,SkyWays,SK2450,Bombardier Q400,Turboprop,Berlin,Cairo,6.47431,50.68569,Beijing,USA,0,0,Minor,Bird strike
EVT001301,2015-04-08T07:06:00,NorthernFlights,NO3593,Airbus A330,Jet,Cairo,Paris,-7.38204,-78.8725,London,Australia,0,0,Hull Loss,Bird strike
EVT001302,2017-10-24T16:06:00,GlobalAir,GL5910,Boeing 747,Jet,Sao Paulo,Cairo,2.75564,131.66118,Sydney,China,0,0,Minor,Pilot error
EVT001303,2018-11-29T10:39:00,SkyWays,SK9239,Airbus A330,Jet,New York,Sao Paulo,5.35958,-40.10919,Beijing,USA,0,0,Major,Runway excursion
EVT001304,2015-04-21T18:56:00,GlobalAir,GL4605,Boeing 747,Jet,New York,Beijing,34.04747,-123.32038,New York,Canada,0,0,Hull Loss,Pilot error
EVT001305,2016-09-10T20:15:00,NorthernFlights,NO8200,Boeing 737,Jet,New York,Cairo,-45.53394,-10.02352,Cairo,China,0,1,Minor,Unknown
EVT001306,2016-01-31T22:09:00,NorthernFlights,NO3086,Airbus A330,Jet,Paris,Beijing,-13.7376,62.33551,Beijing,India,2,2,Hull Loss,Runway excursion
EVT001307,2015-05-01T20:10:00,AeroExpress,AE913,Bombardier Q400,Turboprop,Sao Paulo,Paris,43.74316,80.85623,Toronto,Egypt,0,0,Major,Mid-air collision
EVT001308,2015-05-31T12:29:00,NorthernFlights,NO2070,Embraer 190,Turboprop,London,Berlin,-52.16797,-142.64435,London,Canada,0,0,Hull Loss,Pilot error
EVT001309,2015-01-03T03:59:00,GlobalAir,GL2706,Boeing 747,Jet,Toronto,Cairo,-54.32999,-104.57862,Sydney,India,0,0,Minor,Bird strike
EVT001310,2018-05-27T00:55:00,TransContinental,TR276,Airbus A320,Jet,Cairo,Toronto,36.13678,-44.68068,Sydney,USA,0,0,Major,Unknown
EVT001311,2018-05-03T17:09:00,IslandAir,IS7981,Boeing 737,Jet,Mumbai,Sydney,39.65716,-38.63536,New York,France,0,0,Major,Engine failure
EVT001312,2019-11-15T20:58:00,SkyWays,SK3241,Embraer 190,Turboprop,London,Beijing,24.53869,-169.01066,Berlin,Canada,0,0,Hull Loss,Engine failure
EVT001313,2020-09-19T01:35:00,TransContinental,TR448,Airbus A320,Jet,Toronto,New York,30.73029,152.57655,London,Brazil,0,0,Hull Loss,Bird strike
EVT001314,2020-04-20T23:52:00,GlobalAir,GL4259,Boeing 747,Jet,London,Berlin,-31.58908,20.35363,Paris,USA,0,1,Minor,Runway excursion
EVT001315,2016-01-16T15:43:00,GlobalAir,GL279,Embraer 190,Turboprop,Berlin,Sydney,-29.21271,-47.66642,Mumbai,India,1,1,Minor,Mid-air collision
EVT001316,2016-01-12T08:07:00,GlobalAir,GL9681,Boeing 747,Jet,Cairo,New York,8.66328,-163.65194,Berlin,Germany,0,0,Minor,Runway excursion
EVT001317,2017-09-20T08:41:00,AeroExpress,AE1780,Embraer 190,Turboprop,Berlin,Toronto,-24.01541,92.85871,Berlin,USA,0,0,Major,Weather
EVT001318,2016-03-11T00:49:00,NorthernFlights,NO8082,Airbus A330,Jet,Toronto,London,50.50747,-153.65879,Cairo,Canada,0,0,Major,Unknown
EVT001319,2017-09-14T23:28:00,IslandAir,IS6455,Boeing 747,Jet,Cairo,London,-47.90608,-18.21951,Toronto,UK,0,0,Major,Bird strike
EVT001320,2020-07-08T15:35:00,IslandAir,IS9214,Bombardier Q400,Turboprop,London,Sao Paulo,-12.90075,-4.95184,Beijing,India,0,0,Major,Unknown
EVT001321,2018-09-09T13:03:00,SkyWays,SK3427,Bombardier Q400,Turboprop,Berlin,Beijing,-50.21808,-26.41675,Paris,Australia,0,0,Hull Loss,Engine failure
EVT001322,2015-06-06T10:57:00,AeroExpress,AE495,Airbus A330,Jet,Toronto,Sydney,-0.78217,93.46387,Paris,France,0,0,Hull Loss,Unknown
EVT001323,2015-09-04T06:44:00,NorthernFlights,NO3498,Boeing 747,Jet,New York,Mumbai,0.2115,13.22586,Sydney,Brazil,0,0,Unknown,Runway excursion
EVT001324,2016-07-25T13:26:00,TransContinental,TR7015,Boeing 747,Jet,New York,Beijing,58.41547,179.45086,Cairo,France,0,0,Unknown,Bird strike
EVT001325,2016-04-22T16:16:00,IslandAir,IS6257,Airbus A330,Jet,Sydney,Sao Paulo,-25.59481,-93.81075,Mumbai,France,0,0,Hull Loss,Unknown
EVT001326,2017-04-05T13:40:00,SkyWays,SK9749,Airbus A330,Jet,Beijing,Cairo,58.35701,-92.98606,Beijing,Australia,0,0,Unknown,Unknown
EVT001327,2017-04-04T15:49:00,AeroExpress,AE7199,Boeing 737,Jet,New York,Sao Paulo,-43.73458,172.90581,London,China,0,1,Unknown,Bird strike
EVT001328,2018-08-26T02:11:00,IslandAir,IS6721,Airbus A330,Jet,Mumbai,Toronto,-6.44611,-32.75054,Sydney,China,0,0,Unknown,Weather
EVT001329,2015-06-24T14:01:00,AeroExpress,AE4389,Boeing 747,Jet,Sydney,Sao Paulo,4.98827,148.67028,London,Egypt,2,1,Unknown,Unknown
EVT001330,2018-10-02T03:51:00,IslandAir,IS5856,Airbus A330,Jet,Beijing,Toronto,-19.06722,23.85831,Berlin,Brazil,0,0,Minor,Bird strike
EVT001331,2015-11-30T23:18:00,GlobalAir,GL298,Airbus A330,Jet,New York,Cairo,34.56556,-139.64992,Beijing,Germany,0,0,Minor,Unknown
EVT001332,2018-03-22T06:51:00,TransContinental,TR7954,Airbus A330,Jet,Sydney,Toronto,-5.21583,6.84849,Sao Paulo,India,0,0,Unknown,Runway excursion
EVT001333,2015-06-30T12:34:00,NorthernFlights,NO3525,Boeing 737,Jet,New York,Toronto,0.53469,76.09399,Beijing,Australia,0,0,Major,Engine failure
EVT001334,2018-12-11T10:25:00,TransContinental,TR6118,Boeing 737,Jet,Cairo,Sao Paulo,33.99541,20.64721,Sao Paulo,USA,0,0,Major,Engine failure
EVT001335,2019-10-18T04:39:00,GlobalAir,GL7435,Embraer 190,Turboprop,Sydney,New York,-20.02259,-77.26262,Cairo,Canada,0,1,Unknown,Pilot error
EVT001336,2017-10-09T22:43:00,GlobalAir,GL4683,Embraer 190,Turboprop,New York,Sydney,-27.91871,-16.45622,London,Egypt,0,0,Major,Unknown
EVT001337,2019-10-04T19:12:00,IslandAir,IS2356,Boeing 747,Jet,Berlin,Toronto,-38.42153,118.53015,Sao Paulo,USA,0,0,Unknown,Unknown
EVT001338,2017-05-28T17:35:00,IslandAir,IS3013,Airbus A330,Jet,Berlin,Toronto,-26.45956,-61.3541,Beijing,Germany,0,1,Minor,Weather
EVT001339,2018-08-08T02:14:00,IslandAir,IS1090,Boeing 737,Jet,Toronto,London,33.02636,25.7209,Mumbai,France,0,0,Major,Engine failure
EVT001340,2017-07-19T17:36:00,TransContinental,TR8742,Boeing 737,Jet,Mumbai,Beijing,11.74211,-21.36212,Cairo,France,0,0,Major,Weather
EVT001341,2020-02-05T13:18:00,NorthernFlights,NO7341,Airbus A330,Jet,Sao Paulo,Paris,6.25926,92.31726,Beijing,China,0,0,Hull Loss,Unknown
EVT001342,2018-08-07T01:21:00,GlobalAir,GL5539,Embraer 190,Turboprop,Toronto,Berlin,-21.80104,-1.53347,Paris,Brazil,0,0,Major,Runway excursion
EVT001343,2020-12-13T17:57:00,IslandAir,IS578,Boeing 747,Jet,Toronto,Mumbai,8.33185,-168.18351,Sao Paulo,Canada,0,0,Hull Loss,Engine failure
EVT001344,2020-12-23T16:13:00,IslandAir,IS4606,Embraer 190,Turboprop,Sydney,London,-54.12348,-20.2805,Sao Paulo,Germany,0,0,Unknown,Unknown
EVT001345,2015-04-25T19:12:00,AeroExpress,AE6180,Airbus A330,Jet,Sao Paulo,Toronto,9.99077,-139.88644,Sao Paulo,Australia,0,0,Unknown,Engine failure
EVT001346,2020-07-11T09:10:00,AeroExpress,AE9135,Airbus A320,Jet,London,Paris,-46.09459,-177.169,New York,UK,0,0,Unknown,Pilot error
EVT001347,2016-12-16T03:21:00,AeroExpress,AE1404,Airbus A330,Jet,Sydney,Mumbai,11.52323,-130.05077,Paris,Canada,0,0,Minor,Bird strike
EVT001348,2020-09-13T05:52:00,IslandAir,IS2189,Boeing 737,Jet,Sydney,Toronto,-38.33045,97.62909,Berlin,UK,5,0,Unknown,Runway excursion
EVT001349,2016-08-09T20:30:00,AeroExpress,AE8502,Boeing 747,Jet,Beijing,Mumbai,-4.14499,24.92095,Sao Paulo,Canada,1,2,Unknown,Bird strike
EVT001350,2019-06-01T15:16:00,AeroExpress,AE9578,Boeing 747,Jet,Beijing,Toronto,38.18785,-30.31533,Mumbai,France,0,0,Minor,Mid-air collision
EVT001351,2018-01-13T08:16:00,NorthernFlights,NO9930,Boeing 737,Jet,Beijing,Paris,-11.37643,-49.50752,Cairo,UK,0,0,Minor,Unknown
EVT001352,2018-03-28T19:38:00,NorthernFlights,NO1712,Airbus A330,Jet,Beijing,Mumbai,-11.93296,43.45411,Sydney,Australia,0,0,Minor,Mid-air collision
EVT001353,2015-10-17T09:47:00,AeroExpress,AE9008,Boeing 737,Jet,Sydney,Cairo,-57.33585,104.65489,Berlin,Egypt,0,0,Unknown,Runway excursion
EVT001354,2020-12-12T07:36:00,GlobalAir,GL1921,Airbus A320,Jet,London,Toronto,-21.40718,133.9067,Paris,India,0,0,Major,Unknown
EVT001355,2020-11-25T13:42:00,AeroExpress,AE7642,Boeing 747,Jet,Cairo,Sydney,-39.19469,49.76375,Beijing,Australia,0,0,Major,Unknown
EVT001356,2016-01-24T03:58:00,NorthernFlights,NO1715,Bombardier Q400,Turboprop,Paris,Berlin,-38.58505,-46.09648,Beijing,USA,1,1,Minor,Unknown
EVT001357,2019-10-20T11:33:00,TransContinental,TR8164,Airbus A320,Jet,Mumbai,Sao Paulo,-57.27813,59.30213,Cairo,Australia,0,0,Major,Weather
EVT001358,2015-06-07T20:40:00,NorthernFlights,NO3744,Airbus A330,Jet,Beijing,Berlin,-11.03068,44.7139,Toronto,USA,0,0,Unknown,Pilot error
EVT001359,2017-08-06T03:31:00,AeroExpress,AE2744,Boeing 747,Jet,Berlin,Sao Paulo,-24.69687,-5.56113,Sydney,Germany,0,0,Minor,Pilot error
EVT001360,2019-02-07T07:29:00,IslandAir,IS637,Embraer 190,Turboprop,Toronto,Sydney,5.96205,159.7588,Cairo,France,0,0,Hull Loss,Weather
EVT001361,2019-10-19T10:32:00,SkyWays,SK6309,Boeing 747,Jet,Sydney,Cairo,-6.72908,117.22196,Berlin,Canada,0,0,Hull Loss,Runway excursion
EVT001362,2016-04-20T21:18:00,IslandAir,IS6837,Airbus A330,Jet,Berlin,London,25.55761,-117.40364,London,Canada,0,0,Minor,Unknown
EVT001363,2015-01-04T21:32:00,GlobalAir,GL1831,Boeing 737,Jet,Mumbai,New York,-18.16374,-29.06295,Mumbai,Brazil,0,0,Minor,Unknown
EVT001364,2018-07-16T06:37:00,SkyWays,SK8597,Boeing 747,Jet,London,Mumbai,35.89613,-45.02302,Sydney,France,0,0,Hull Loss,Mid-air collision
EVT001365,2015-02-02T19:47:00,TransContinental,TR4755,Airbus A320,Jet,New York,London,-7.73869,76.17087,Cairo,Egypt,0,0,Major,Runway excursion
EVT001366,2015-06-16T11:26:00,NorthernFlights,NO7369,Embraer 190,Turboprop,New York,London,35.45155,105.43835,New York,China,0,0,Major,Mid-air collision
EVT001367,2017-01-08T23:54:00,IslandAir,IS7049,Boeing 737,Jet,Mumbai,Sao Paulo,37.64599,-167.77515,Sydney,Egypt,0,0,Minor,Runway excursion
EVT001368,2016-09-24T11:00:00,GlobalAir,GL9256,Embraer 190,Turboprop,London,Sao Paulo,56.51249,-6.56581,Sydney,USA,0,1,Major,Unknown
EVT001369,2017-11-12T20:21:00,SkyWays,SK1323,Airbus A330,Jet,Sydney,London,21.40843,21.43143,Paris,China,0,0,Major,Runway excursion
EVT001370,2017-09-19T23:52:00,SkyWays,SK807,Bombardier Q400,Turboprop,Sydney,Berlin,11.83983,99.99223,Beijing,Australia,0,0,Minor,Pilot error
EVT001371,2015-09-18T11:32:00,IslandAir,IS7224,Airbus A330,Jet,Cairo,New York,26.16377,79.5262,Mumbai,India,0,0,Minor,Weather
EVT001372,2019-01-29T08:09:00,GlobalAir,GL1545,Boeing 747,Jet,Sao Paulo,Cairo,-21.91376,167.39963,Sydney,UK,0,0,Minor,Bird strike
EVT001373,2020-03-29T12:43:00,GlobalAir,GL7500,Embraer 190,Turboprop,Sao Paulo,London,52.94414,57.20229,Beijing,Egypt,0,0,Unknown,Bird strike
EVT001374,2018-09-24T18:56:00,AeroExpress,AE1803,Airbus A320,Jet,London,Toronto,48.67467,-132.93042,Berlin,France,2,0,Minor,Mid-air collision
EVT001375,2018-10-23T16:48:00,NorthernFlights,NO6127,Airbus A330,Jet,Toronto,Paris,-39.75555,94.13622,Sao Paulo,Australia,0,0,Major,Engine failure
EVT001376,2020-03-15T16:35:00,IslandAir,IS441,Airbus A330,Jet,Cairo,Berlin,33.99339,-138.89597,New York,France,0,1,Unknown,Weather
EVT001377,2015-09-12T03:02:00,IslandAir,IS2880,Airbus A320,Jet,Toronto,Cairo,-26.33229,85.59497,Sydney,UK,1,0,Hull Loss,Engine failure
EVT001378,2017-03-15T06:16:00,AeroExpress,AE6804,Airbus A320,Jet,New York,Mumbai,58.65679,-166.87845,London,China,0,0,Unknown,Engine failure
EVT001379,2015-11-03T03:43:00,SkyWays,SK7284,Embraer 190,Turboprop,Toronto,Beijing,44.07763,-179.30171,Mumbai,USA,0,0,Major,Mid-air collision
EVT001380,2016-10-13T17:38:00,NorthernFlights,NO1644,Embraer 190,Turboprop,Mumbai,London,-20.43874,-100.24998,Toronto,Canada,0,0,Unknown,Unknown
EVT001381,2020-07-05T13:58:00,IslandAir,IS1284,Airbus A320,Jet,Paris,Sydney,-59.1797,87.86737,New York,Brazil,0,2,Major,Weather
EVT001382,2015-06-07T04:48:00,NorthernFlights,NO207,Airbus A330,Jet,London,Berlin,-21.64343,24.61773,Paris,China,0,0,Hull Loss,Unknown
EVT001383,2019-07-18T21:26:00,IslandAir,IS5543,Airbus A320,Jet,Cairo,Paris,34.8484,-44.65727,Toronto,Australia,0,0,Hull Loss,Runway excursion
EVT001384,2017-02-01T16:48:00,AeroExpress,AE9777,Embraer 190,Turboprop,London,Sydney,29.69806,-175.73353,London,UK,0,1,Major,Mid-air collision
EVT001385,2019-12-05T17:05:00,GlobalAir,GL3033,Boeing 737,Jet,Berlin,London,38.95195,-146.92455,Toronto,India,0,0,Hull Loss,Runway excursion
EVT001386,2019-11-27T11:03:00,AeroExpress,AE4564,Airbus A330,Jet,Beijing,New York,14.07812,-159.29983,Mumbai,Australia,0,0,Hull Loss,Unknown
EVT001387,2016-12-02T23:05:00,NorthernFlights,NO3544,Boeing 747,Jet,Beijing,Berlin,52.61887,12.31416,Toronto,Brazil,0,0,Unknown,Weather
EVT001388,2017-11-20T06:25:00,AeroExpress,AE9603,Embraer 190,Turboprop,Toronto,Berlin,-59.02562,95.03657,Sao Paulo,Germany,0,0,Unknown,Runway excursion
EVT001389,2017-09-28T12:18:00,NorthernFlights,NO6265,Bombardier Q400,Turboprop,Berlin,Paris,-42.87069,44.89033,Sao Paulo,Germany,0,0,Hull Loss,Runway excursion
EVT001390,2019-08-14T17:22:00,AeroExpress,AE1929,Boeing 737,Jet,Beijing,London,-47.40865,107.41009,Cairo,Germany,0,0,Minor,Weather
EVT001391,2018-01-03T09:28:00,IslandAir,IS9460,Airbus A320,Jet,London,Berlin,-51.97103,-122.20893,Berlin,India,0,0,Unknown,Pilot error
EVT001392,2020-10-08T23:22:00,SkyWays,SK6982,Airbus A330,Jet,Berlin,Toronto,-59.22126,-83.06331,London,USA,1,0,Unknown,Weather
EVT001393,2015-11-14T06:48:00,SkyWays,SK1795,Airbus A330,Jet,Beijing,Paris,-0.09835,-136.87071,Sydney,Canada,0,0,Unknown,Engine failure
EVT001394,2018-09-03T08:22:00,SkyWays,SK8237,Boeing 747,Jet,London,Sao Paulo,-1.19725,-153.23092,Paris,Brazil,0,0,Unknown,Bird strike
EVT001395,2018-02-16T01:27:00,TransContinental,TR8304,Boeing 737,Jet,Berlin,London,-52.13626,160.11745,Beijing,UK,0,0,Unknown,Runway excursion
EVT001396,2018-10-15T20:48:00,SkyWays,SK6773,Airbus A320,Jet,New York,Mumbai,-30.73547,-66.62835,Sao Paulo,India,0,0,Hull Loss,Weather
EVT001397,2015-01-26T07:10:00,NorthernFlights,NO3476,Embraer 190,Turboprop,New York,Sydney,-19.9393,10.21991,Sydney,Germany,0,0,Hull Loss,Unknown
EVT001398,2018-12-15T15:43:00,NorthernFlights,NO1736,Airbus A330,Jet,Cairo,Toronto,-47.57594,-48.99113,London,Egypt,0,0,Hull Loss,Pilot error
EVT001399,2020-09-18T07:19:00,AeroExpress,AE3691,Airbus A330,Jet,Berlin,Cairo,55.3171,-173.14495,Cairo,Brazil,0,0,Hull Loss,Weather
EVT001400,2018-05-21T19:24:00,NorthernFlights,NO1663,Embraer 190,Turboprop,Sydney,Beijing,-32.88286,56.42945,New York,Egypt,0,1,Unknown,Pilot error
EVT001401,2020-12-04T05:33:00,TransContinental,TR1697,Bombardier Q400,Turboprop,Toronto,Paris,-53.61035,149.22871,Toronto,Germany,0,0,Unknown,Pilot error
EVT001402,2018-07-25T11:13:00,GlobalAir,GL357,Boeing 747,Jet,Berlin,Sao Paulo,2.40284,89.09472,New York,Australia,0,0,Hull Loss,Weather
EVT001403,2020-10-08T09:38:00,TransContinental,TR1206,Airbus A330,Jet,Mumbai,Sao Paulo,33.7966,119.43342,New York,India,0,0,Minor,Bird strike
EVT001404,2019-10-12T05:50:00,IslandAir,IS5024,Airbus A330,Jet,London,Toronto,-20.56238,73.62801,Cairo,Egypt,0,0,Hull Loss,Weather
EVT001405,2018-09-17T05:05:00,NorthernFlights,NO2128,Embraer 190,Turboprop,Mumbai,Sao Paulo,-50.20916,54.3507,Paris,Germany,0,0,Unknown,Pilot error
EVT001406,2019-03-14T14:56:00,AeroExpress,AE4739,Boeing 747,Jet,Mumbai,Berlin,54.31357,83.08717,Cairo,Australia,0,0,Unknown,Bird strike
EVT001407,2018-11-11T22:43:00,NorthernFlights,NO3264,Boeing 737,Jet,New York,Sydney,32.6957,-149.41084,Paris,China,0,0,Unknown,Engine failure
EVT001408,2015-03-27T17:40:00,GlobalAir,GL5572,Boeing 737,Jet,Sao Paulo,Sydney,28.18871,161.35122,Beijing,Brazil,0,0,Minor,Bird strike
EVT001409,2018-11-18T02:05:00,GlobalAir,GL993,Boeing 747,Jet,Berlin,Toronto,34.53449,57.66276,London,Canada,0,0,Hull Loss,Weather
EVT001410,2015-02-23T19:43:00,TransContinental,TR1435,Airbus A330,Jet,Sao Paulo,Toronto,43.85653,-108.91873,Toronto,Australia,0,0,Major,Runway excursion
EVT001411,2018-08-04T10:16:00,NorthernFlights,NO3403,Embraer 190,Turboprop,Cairo,Sao Paulo,42.01331,-129.97691,Mumbai,France,0,0,Hull Loss,Mid-air collision
EVT001412,2019-09-09T10:27:00,TransContinental,TR6371,Bombardier Q400,Turboprop,Beijing,Sao Paulo,-48.22767,164.79383,Sydney,Canada,0,0,Hull Loss,Runway excursion
EVT001413,2020-12-04T15:49:00,GlobalAir,GL7457,Embraer 190,Turboprop,Sydney,Sao Paulo,42.45593,150.99083,Mumbai,USA,0,0,Unknown,Mid-air collision
EVT001414,2018-08-22T00:53:00,SkyWays,SK8656,Bombardier Q400,Turboprop,Berlin,New York,28.39233,96.31027,Sydney,Egypt,0,1,Hull Loss,Unknown
EVT001415,2016-02-18T02:26:00,IslandAir,IS8151,Bombardier Q400,Turboprop,Beijing,Sao Paulo,-36.73044,-108.57115,Cairo,India,0,0,Unknown,Mid-air collision
EVT001416,2018-08-08T18:40:00,NorthernFlights,NO795,Embraer 190,Turboprop,New York,Cairo,57.11776,112.91344,Mumbai,USA,0,0,Major,Bird strike
EVT001417,2020-10-14T17:48:00,GlobalAir,GL4340,Boeing 737,Jet,Sydney,New York,38.46248,161.4254,London,USA,0,0,Hull Loss,Pilot error
EVT001418,2019-07-31T00:48:00,NorthernFlights,NO6287,Boeing 747,Jet,Sydney,London,21.12706,-86.65349,London,Brazil,0,0,Minor,Engine failure
EVT001419,2019-04-30T23:49:00,GlobalAir,GL4323,Bombardier Q400,Turboprop,New York,Cairo,-28.2836,-151.18449,London,Egypt,0,0,Hull Loss,Mid-air collision
EVT001420,2017-01-04T04:02:00,TransContinental,TR8311,Boeing 747,Jet,Sao Paulo,Cairo,11.78341,99.43733,Paris,Germany,0,0,Minor,Weather
EVT001421,2019-11-15T00:16:00,NorthernFlights,NO174,Bombardier Q400,Turboprop,Sydney,New York,16.01591,79.48357,Cairo,USA,0,0,Unknown,Runway excursion
EVT001422,2020-01-17T23:04:00,NorthernFlights,NO6666,Embraer 190,Turboprop,New York,Toronto,20.81318,158.28002,London,UK,0,1,Minor,Weather
EVT001423,2017-10-28T08:47:00,SkyWays,SK8941,Boeing 747,Jet,Toronto,Paris,-9.75802,162.11105,Paris,USA,0,0,Unknown,Mid-air collision
EVT001424,2019-03-04T04:35:00,NorthernFlights,NO4198,Boeing 737,Jet,Sydney,Mumbai,52.43861,-98.48753,London,UK,0,0,Unknown,Pilot error
EVT001425,2015-03-08T19:13:00,NorthernFlights,NO9417,Boeing 737,Jet,London,Paris,5.47356,-21.3638,New York,China,1,0,Unknown,Mid-air collision
EVT001426,2020-11-19T22:03:00,IslandAir,IS3889,Airbus A330,Jet,Sydney,Berlin,-9.35428,-49.23729,Cairo,UK,0,0,Unknown,Engine failure
EVT001427,2019-03-13T09:37:00,IslandAir,IS6172,Boeing 737,Jet,London,Sao Paulo,-30.73116,118.1412,Beijing,France,0,0,Hull Loss,Engine failure
EVT001428,2016-06-01T21:50:00,IslandAir,IS1084,Embraer 190,Turboprop,London,Sydney,51.70535,43.23832,Toronto,Germany,0,0,Unknown,Runway excursion
EVT001429,2015-10-09T18:41:00,AeroExpress,AE8389,Bombardier Q400,Turboprop,Paris,Mumbai,-9.03845,-162.08333,Sao Paulo,China,0,0,Minor,Pilot error
EVT001430,2019-01-23T20:53:00,NorthernFlights,NO5822,Bombardier Q400,Turboprop,Sydney,Toronto,-25.25408,124.4083,Cairo,Australia,0,0,Major,Pilot error
EVT001431,2020-10-06T06:36:00,TransContinental,TR8630,Airbus A320,Jet,London,Mumbai,24.38634,156.69546,Mumbai,USA,0,0,Major,Pilot error
EVT001432,2015-09-14T20:18:00,IslandAir,IS2214,Embraer 190,Turboprop,Toronto,Sydney,57.57071,-90.65697,Toronto,Brazil,0,3,Minor,Bird strike
EVT001433,2018-02-16T22:54:00,GlobalAir,GL489,Embraer 190,Turboprop,Mumbai,Cairo,14.25856,130.19772,London,France,0,0,Hull Loss,Mid-air collision
EVT001434,2019-01-18T02:48:00,GlobalAir,GL4089,Bombardier Q400,Turboprop,Mumbai,Toronto,-33.65128,42.15403,Paris,USA,0,0,Unknown,Mid-air collision
EVT001435,2020-06-05T08:20:00,GlobalAir,GL5925,Boeing 737,Jet,Berlin,Toronto,-7.42654,10.05763,New York,Germany,0,0,Major,Weather
EVT001436,2018-04-13T01:41:00,SkyWays,SK3083,Airbus A330,Jet,London,Mumbai,36.27303,46.89787,Cairo,Brazil,0,0,Major,Mid-air collision
EVT001437,2017-07-31T13:57:00,NorthernFlights,NO6709,Boeing 737,Jet,Paris,Sydney,2.83044,-114.13821,Cairo,Australia,0,0,Hull Loss,Runway excursion
EVT001438,2020-10-16T14:44:00,SkyWays,SK1689,Embraer 190,Turboprop,Sao Paulo,New York,-24.70341,-33.34381,Paris,Germany,0,0,Unknown,Bird strike
EVT001439,2016-09-11T04:07:00,AeroExpress,AE6786,Embraer 190,Turboprop,Toronto,Mumbai,-28.47709,-29.30267,Cairo,Egypt,0,1,Major,Engine failure
EVT001440,2019-04-03T12:25:00,IslandAir,IS5041,Boeing 747,Jet,New York,Mumbai,14.18692,-120.98761,Beijing,Egypt,0,0,Hull Loss,Pilot error
EVT001441,2019-11-05T10:28:00,IslandAir,IS2327,Embraer 190,Turboprop,Paris,London,-35.56417,68.2061,Cairo,Egypt,0,1,Unknown,Weather
EVT001442,2018-07-29T21:19:00,TransContinental,TR8388,Boeing 747,Jet,Cairo,Sao Paulo,-57.02663,26.70232,Sydney,Brazil,0,1,Hull Loss,Engine failure
EVT001443,2020-11-19T00:06:00,AeroExpress,AE8122,Airbus A330,Jet,Mumbai,Cairo,-52.56742,108.87382,Paris,Australia,0,0,Hull Loss,Mid-air collision
EVT001444,2020-07-15T11:08:00,AeroExpress,AE9039,Airbus A320,Jet,Paris,Sao Paulo,33.97115,97.63033,Berlin,Egypt,0,0,Hull Loss,Engine failure
EVT001445,2018-02-21T12:56:00,GlobalAir,GL2076,Airbus A330,Jet,Berlin,Sydney,-7.50894,14.25353,London,Canada,0,0,Minor,Unknown
EVT001446,2018-05-28T18:10:00,NorthernFlights,NO272,Boeing 747,Jet,Cairo,Berlin,14.90256,35.25031,Beijing,India,0,0,Minor,Unknown
EVT001447,2019-07-25T14:42:00,NorthernFlights,NO4797,Embraer 190,Turboprop,Toronto,Sydney,50.10606,38.19112,Paris,Brazil,0,0,Unknown,Mid-air collision
EVT001448,2017-10-31T07:33:00,GlobalAir,GL4147,Boeing 737,Jet,Berlin,Beijing,-24.31057,162.12882,Cairo,China,1,0,Hull Loss,Bird strike
EVT001449,2019-01-03T17:56:00,SkyWays,SK8560,Boeing 737,Jet,Sao Paulo,New York,2.25564,-8.53928,London,India,0,0,Minor,Mid-air collision
EVT001450,2020-12-02T22:35:00,NorthernFlights,NO7402,Boeing 747,Jet,New York,Sydney,-20.50318,111.1565,London,UK,0,0,Major,Bird strike
EVT001451,2018-12-10T20:48:00,AeroExpress,AE7305,Boeing 747,Jet,Paris,Cairo,-33.85671,10.83692,New York,Brazil,0,0,Minor,Mid-air collision
EVT001452,2020-11-19T11:57:00,NorthernFlights,NO5955,Bombardier Q400,Turboprop,Berlin,Sydney,-48.76674,77.69255,Mumbai,Germany,0,0,Hull Loss,Unknown
EVT001453,2020-12-04T17:21:00,AeroExpress,AE7080,Embraer 190,Turboprop,New York,Mumbai,6.90358,-138.88564,New York,UK,0,0,Hull Loss,Pilot error
EVT001454,2020-03-26T15:48:00,SkyWays,SK2037,Airbus A320,Jet,London,Mumbai,-56.19592,89.59028,New York,France,0,0,Major,Mid-air collision
EVT001455,2019-09-18T10:50:00,TransContinental,TR2586,Boeing 737,Jet,London,Cairo,-31.1374,3.8646,London,Australia,0,0,Major,Weather
EVT001456,2020-03-30T10:40:00,IslandAir,IS3673,Embraer 190,Turboprop,Beijing,Sydney,-57.97149,163.10962,Sao Paulo,Egypt,0,0,Hull Loss,Unknown
EVT001457,2016-06-08T19:19:00,TransContinental,TR6639,Boeing 737,Jet,Sao Paulo,Mumbai,-47.61368,-35.58334,New York,Australia,3,0,Major,Bird strike
EVT001458,2020-06-06T05:01:00,GlobalAir,GL3971,Bombardier Q400,Turboprop,London,Mumbai,-26.20892,99.58676,New York,UK,0,0,Major,Runway excursion
EVT001459,2016-04-24T03:58:00,IslandAir,IS3879,Boeing 737,Jet,Paris,Beijing,-52.60637,-109.40034,Sao Paulo,France,0,0,Unknown,Pilot error
EVT001460,2015-04-24T10:58:00,NorthernFlights,NO1767,Boeing 747,Jet,New York,Toronto,48.78145,-32.2728,Mumbai,Egypt,0,0,Unknown,Weather
EVT001461,2016-12-23T13:46:00,SkyWays,SK1864,Airbus A320,Jet,London,Berlin,-17.60992,-41.24151,London,USA,0,2,Minor,Unknown
EVT001462,2019-04-03T00:35:00,TransContinental,TR6638,Boeing 747,Jet,London,Sao Paulo,46.62746,-166.73329,Paris,USA,0,0,Minor,Engine failure
EVT001463,2018-04-19T13:04:00,IslandAir,IS4467,Boeing 737,Jet,Paris,Sao Paulo,37.678,118.10059,Beijing,Brazil,3,1,Major,Mid-air collision
EVT001464,2019-04-21T07:28:00,IslandAir,IS5239,Boeing 747,Jet,Mumbai,London,-54.36877,-86.14403,Mumbai,Germany,0,0,Minor,Unknown
EVT001465,2018-08-02T06:50:00,IslandAir,IS1985,Boeing 737,Jet,Sao Paulo,Beijing,-47.28107,-122.3103,London,UK,0,0,Hull Loss,Bird strike
EVT001466,2017-08-22T16:09:00,IslandAir,IS2304,Airbus A320,Jet,Toronto,Sydney,4.30031,-102.78681,Mumbai,USA,2,1,Major,Pilot error
EVT001467,2019-10-28T01:47:00,GlobalAir,GL2401,Airbus A320,Jet,London,Beijing,-21.85198,-101.74161,Berlin,France,0,0,Major,Engine failure
EVT001468,2017-06-24T11:11:00,NorthernFlights,NO6979,Airbus A320,Jet,London,New York,-47.58727,83.62418,Cairo,Canada,0,0,Hull Loss,Pilot error
EVT001469,2018-11-26T14:00:00,AeroExpress,AE2539,Boeing 747,Jet,Berlin,London,-8.79834,-92.92825,Toronto,India,0,0,Unknown,Engine failure
EVT001470,2017-06-07T17:13:00,SkyWays,SK7186,Bombardier Q400,Turboprop,Toronto,Berlin,-25.83517,6.43722,Paris,UK,0,0,Minor,Engine failure
EVT001471,2015-09-14T23:51:00,GlobalAir,GL7433,Embraer 190,Turboprop,Cairo,London,-48.1166,-168.11843,Mumbai,Egypt,0,0,Major,Mid-air collision
EVT001472,2015-06-13T08:25:00,IslandAir,IS8182,Boeing 737,Jet,Sydney,London,-1.0762,-124.64645,Sao Paulo,Egypt,0,0,Major,Mid-air collision
EVT001473,2018-08-03T06:58:00,AeroExpress,AE9797,Boeing 747,Jet,Sydney,Paris,-13.31085,-99.83221,Beijing,Brazil,1,1,Major,Weather
EVT001474,2017-08-03T16:51:00,NorthernFlights,NO9986,Boeing 747,Jet,New York,Paris,13.45348,50.01999,Toronto,UK,0,0,Unknown,Runway excursion
EVT001475,2016-09-24T20:55:00,SkyWays,SK8961,Boeing 737,Jet,Sao Paulo,Sydney,-1.08287,-49.20044,Sydney,France,0,2,Minor,Weather
EVT001476,2016-09-01T19:52:00,GlobalAir,GL1195,Airbus A320,Jet,Berlin,Beijing,-13.62167,121.18468,Sydney,Egypt,3,0,Major,Weather
EVT001477,2020-01-04T00:56:00,TransContinental,TR4304,Bombardier Q400,Turboprop,Paris,Sydney,40.68881,51.91767,Beijing,France,2,0,Hull Loss,Unknown
EVT001478,2015-11-03T00:57:00,GlobalAir,GL8569,Boeing 737,Jet,Cairo,Paris,42.55794,-160.13514,Mumbai,Germany,3,1,Minor,Mid-air collision
EVT001479,2018-11-05T19:04:00,TransContinental,TR9520,Boeing 737,Jet,New York,Sydney,44.47431,-72.28427,Sydney,Egypt,0,0,Hull Loss,Weather
EVT001480,2020-08-20T16:58:00,AeroExpress,AE5449,Airbus A320,Jet,Toronto,Sao Paulo,15.35529,128.84391,Cairo,India,1,1,Unknown,Weather
EVT001481,2020-05-12T23:26:00,GlobalAir,GL913,Airbus A330,Jet,Mumbai,Toronto,54.02106,-151.56379,Sydney,Germany,0,0,Minor,Weather
EVT001482,2015-02-25T10:47:00,TransContinental,TR6624,Boeing 747,Jet,Mumbai,Toronto,32.80168,147.62336,Toronto,China,0,0,Major,Engine failure
EVT001483,2019-11-07T12:14:00,NorthernFlights,NO9991,Airbus A330,Jet,Beijing,Sydney,51.72725,0.23461,New York,India,0,0,Minor,Runway excursion
EVT001484,2019-12-06T06:54:00,AeroExpress,AE752,Embraer 190,Turboprop,Sao Paulo,Berlin,52.67084,-168.59209,Cairo,France,0,0,Minor,Pilot error
EVT001485,2015-02-09T06:32:00,IslandAir,IS847,Boeing 737,Jet,Paris,Berlin,57.9449,138.78565,Toronto,USA,0,0,Major,Runway excursion
EVT001486,2016-08-17T15:23:00,GlobalAir,GL5722,Boeing 747,Jet,Sao Paulo,Toronto,28.15046,5.91043,Paris,UK,0,0,Hull Loss,Runway excursion
EVT001487,2018-05-17T03:49:00,TransContinental,TR7684,Bombardier Q400,Turboprop,Sydney,Toronto,11.99936,-17.66298,Sydney,UK,0,0,Major,Mid-air collision
EVT001488,2018-09-15T23:32:00,GlobalAir,GL9331,Boeing 737,Jet,New York,Sao Paulo,49.41999,61.31145,Sao Paulo,Australia,0,1,Hull Loss,Bird strike
EVT001489,2020-10-04T10:06:00,IslandAir,IS5982,Boeing 747,Jet,Paris,Sao Paulo,41.84067,-78.25992,New York,Germany,1,1,Unknown,Pilot error
EVT001490,2017-07-17T02:11:00,TransContinental,TR7841,Boeing 737,Jet,Beijing,Sydney,-36.22045,140.66103,Berlin,UK,0,2,Major,Bird strike
EVT001491,2018-08-03T22:07:00,GlobalAir,GL6922,Airbus A320,Jet,Sao Paulo,Cairo,-28.12284,21.08466,Sydney,Canada,4,0,Hull Loss,Engine failure
EVT001492,2015-05-14T03:44:00,IslandAir,IS4211,Airbus A320,Jet,Sydney,Cairo,3.44408,-15.85691,Sao Paulo,UK,0,0,Hull Loss,Mid-air collision
EVT001493,2015-02-22T11:32:00,GlobalAir,GL7157,Airbus A330,Jet,Sao Paulo,Toronto,3.19774,-19.26412,Cairo,Canada,0,0,Hull Loss,Mid-air collision
EVT001494,2015-04-24T15:46:00,AeroExpress,AE8901,Airbus A320,Jet,Berlin,Sydney,36.49899,-52.14887,New York,India,0,0,Hull Loss,Pilot error
EVT001495,2015-05-05T01:42:00,NorthernFlights,NO6804,Airbus A330,Jet,Paris,London,-55.92903,-165.06835,Sydney,USA,0,0,Major,Engine failure
EVT001496,2020-12-04T19:34:00,GlobalAir,GL3408,Embraer 190,Turboprop,Mumbai,Beijing,-2.1998,94.15319,Cairo,Egypt,0,0,Major,Unknown
EVT001497,2016-06-22T11:25:00,SkyWays,SK2737,Embraer 190,Turboprop,Paris,Cairo,29.39663,-73.70677,New York,Brazil,0,0,Minor,Engine failure
EVT001498,2020-01-25T23:31:00,AeroExpress,AE2252,Airbus A320,Jet,Beijing,Berlin,30.84736,-158.19378,Sao Paulo,UK,1,0,Major,Pilot error
EVT001499,2016-08-23T10:15:00,AeroExpress,AE2855,Embraer 190,Turboprop,Paris,Toronto,38.28363,-28.8983,Sao Paulo,Egypt,0,0,Major,Runway excursion
EVT001500,2020-02-24T14:30:00,GlobalAir,GL5130,Bombardier Q400,Turboprop,Sao Paulo,Paris,-55.1279,-36.74976,Sydney,Egypt,0,1,Minor,Runway excursion
EVT001501,2015-07-04T05:17:00,SkyWays,SK3391,Airbus A320,Jet,Mumbai,Sao Paulo,-50.94956,-135.29893,Mumbai,Germany,0,0,Unknown,Runway excursion
EVT001502,2019-01-07T12:33:00,TransContinental,TR5856,Boeing 737,Jet,Toronto,Mumbai,25.84384,-128.12509,Paris,Australia,0,0,Minor,Engine failure
EVT001503,2018-02-18T15:40:00,NorthernFlights,NO5142,Airbus A330,Jet,London,Sydney,-56.07906,140.97692,Cairo,India,0,0,Hull Loss,Weather
EVT001504,2016-05-22T21:51:00,AeroExpress,AE1038,Airbus A330,Jet,Cairo,Sydney,-12.13748,162.61584,New York,Canada,0,0,Unknown,Mid-air collision
EVT001505,2018-04-04T23:27:00,AeroExpress,AE5602,Boeing 737,Jet,Berlin,Cairo,36.55783,140.86284,Berlin,China,0,0,Unknown,Unknown
EVT001506,2016-07-19T09:29:00,IslandAir,IS4893,Airbus A320,Jet,Beijing,Toronto,-9.21969,-45.80008,London,UK,2,2,Minor,Pilot error
EVT001507,2018-05-30T00:26:00,NorthernFlights,NO5898,Airbus A330,Jet,Berlin,London,-29.36017,172.03717,Sao Paulo,China,0,0,Unknown,Engine failure
EVT001508,2020-11-23T06:16:00,GlobalAir,GL6451,Embraer 190,Turboprop,London,Mumbai,-30.18106,1.08126,Toronto,India,3,2,Major,Runway excursion
EVT001509,2018-11-02T19:44:00,GlobalAir,GL6519,Airbus A330,Jet,London,New York,-50.11075,166.27503,Paris,Canada,0,0,Major,Weather
EVT001510,2018-01-18T14:19:00,NorthernFlights,NO7481,Boeing 737,Jet,Toronto,London,52.77151,-177.58873,Toronto,Australia,0,0,Major,Weather
EVT001511,2020-08-27T07:04:00,AeroExpress,AE3764,Bombardier Q400,Turboprop,Sao Paulo,Cairo,1.99289,-23.18317,Sao Paulo,Brazil,0,0,Minor,Engine failure
EVT001512,2015-05-15T14:40:00,SkyWays,SK4178,Bombardier Q400,Turboprop,Berlin,New York,-14.76455,-126.80842,Mumbai,Australia,1,1,Major,Weather
EVT001513,2018-08-28T12:50:00,SkyWays,SK5086,Airbus A330,Jet,Mumbai,Cairo,29.35667,159.39797,Beijing,USA,0,0,Unknown,Mid-air collision
EVT001514,2020-02-10T00:14:00,IslandAir,IS1594,Bombardier Q400,Turboprop,Beijing,Paris,-55.9207,155.41943,Berlin,Australia,2,0,Unknown,Bird strike
EVT001515,2017-05-14T18:06:00,IslandAir,IS4793,Bombardier Q400,Turboprop,Paris,Beijing,-20.03388,-92.9154,Beijing,USA,1,0,Major,Weather
EVT001516,2017-08-04T06:59:00,IslandAir,IS1181,Embraer 190,Turboprop,Berlin,Sao Paulo,-48.24121,15.36013,Sydney,UK,0,0,Hull Loss,Engine failure
EVT001517,2015-10-18T23:02:00,GlobalAir,GL2204,Boeing 737,Jet,Sydney,New York,-46.40739,-168.31844,Paris,Brazil,2,0,Hull Loss,Unknown
EVT001518,2020-10-01T05:16:00,TransContinental,TR9439,Bombardier Q400,Turboprop,Cairo,London,0.19436,-111.1548,Sydney,Brazil,0,3,Minor,Weather
EVT001519,2019-01-31T16:43:00,AeroExpress,AE7124,Airbus A320,Jet,Cairo,London,-0.96337,-141.90605,Mumbai,Australia,0,0,Minor,Weather
EVT001520,2018-12-30T14:08:00,NorthernFlights,NO5505,Airbus A330,Jet,Cairo,Berlin,10.18564,-12.13771,Beijing,Australia,0,0,Major,Unknown
EVT001521,2016-12-01T14:08:00,IslandAir,IS9782,Boeing 737,Jet,Berlin,Paris,42.19269,16.19791,Cairo,Brazil,0,0,Unknown,Mid-air collision
EVT001522,2016-12-22T23:51:00,IslandAir,IS1737,Airbus A330,Jet,Mumbai,London,-6.93148,-112.48132,Cairo,Egypt,0,0,Unknown,Bird strike
EVT001523,2016-02-12T11:39:00,AeroExpress,AE628,Embraer 190,Turboprop,Mumbai,Sao Paulo,-23.953,-144.04048,Cairo,USA,0,0,Unknown,Runway excursion
EVT001524,2020-11-29T05:07:00,GlobalAir,GL7443,Embraer 190,Turboprop,Sydney,Toronto,-57.61555,-92.08343,Toronto,USA,2,1,Hull Loss,Mid-air collision
EVT001525,2017-11-07T01:02:00,SkyWays,SK2660,Boeing 737,Jet,Paris,New York,-27.04641,-19.80141,Sao Paulo,UK,0,0,Unknown,Bird strike
EVT001526,2020-06-05T22:11:00,AeroExpress,AE7916,Airbus A320,Jet,New York,Mumbai,42.80662,-158.4162,Paris,UK,0,0,Minor,Mid-air collision
EVT001527,2020-11-23T19:09:00,TransContinental,TR2966,Boeing 747,Jet,Sao Paulo,Cairo,25.44679,-90.552,Berlin,India,0,3,Hull Loss,Weather
EVT001528,2015-07-04T03:44:00,NorthernFlights,NO9206,Airbus A320,Jet,Sao Paulo,New York,-15.7898,-77.5292,Berlin,Egypt,0,0,Minor,Mid-air collision
EVT001529,2016-07-14T07:18:00,IslandAir,IS1055,Airbus A320,Jet,Paris,New York,13.59258,-15.29894,Sydney,India,0,0,Hull Loss,Weather
EVT001530,2018-12-02T18:43:00,AeroExpress,AE1783,Airbus A330,Jet,New York,Sao Paulo,-20.94414,132.73435,Paris,USA,0,0,Hull Loss,Mid-air collision
EVT001531,2020-05-18T06:14:00,GlobalAir,GL5243,Embraer 190,Turboprop,Sydney,Cairo,-3.15462,-143.5503,Mumbai,Canada,0,0,Major,Pilot error
EVT001532,2015-03-11T04:27:00,NorthernFlights,NO192,Airbus A330,Jet,Berlin,Mumbai,47.23259,166.72171,Sydney,India,0,0,Minor,Engine failure
EVT001533,2017-03-09T21:17:00,SkyWays,SK5877,Boeing 747,Jet,London,New York,9.80021,-154.42135,New York,Egypt,0,1,Unknown,Unknown
EVT001534,2015-04-02T12:09:00,IslandAir,IS6758,Airbus A320,Jet,Toronto,Cairo,-50.1153,56.09606,Cairo,Canada,0,0,Major,Pilot error
EVT001535,2018-11-08T10:17:00,TransContinental,TR8443,Boeing 737,Jet,Paris,Cairo,56.70369,175.4973,Sao Paulo,China,0,0,Hull Loss,Mid-air collision
EVT001536,2020-02-19T15:07:00,AeroExpress,AE6558,Airbus A330,Jet,Cairo,Sao Paulo,42.78469,-150.71809,Berlin,Germany,2,0,Major,Runway excursion
EVT001537,2019-07-12T01:17:00,NorthernFlights,NO7901,Airbus A330,Jet,New York,Paris,29.62345,176.88026,Cairo,Germany,0,0,Minor,Weather
EVT001538,2015-06-30T21:46:00,TransContinental,TR4090,Embraer 190,Turboprop,London,Paris,43.05873,-49.45402,Paris,UK,0,0,Major,Engine failure
EVT001539,2018-12-16T03:35:00,AeroExpress,AE2230,Airbus A330,Jet,Sao Paulo,New York,-40.64123,53.39469,Cairo,Germany,0,0,Major,Mid-air collision
EVT001540,2015-05-16T09:20:00,AeroExpress,AE4380,Boeing 747,Jet,Toronto,New York,-7.97884,75.362,Sydney,China,0,0,Unknown,Bird strike
EVT001541,2020-09-01T16:36:00,SkyWays,SK6375,Airbus A320,Jet,New York,Mumbai,16.15368,0.35697,Sao Paulo,China,0,0,Hull Loss,Engine failure
EVT001542,2016-04-09T09:02:00,NorthernFlights,NO9519,Airbus A320,Jet,Berlin,Cairo,-42.60184,87.22005,Sao Paulo,Canada,0,0,Minor,Engine failure
EVT001543,2019-01-13T08:09:00,GlobalAir,GL9600,Embraer 190,Turboprop,Toronto,London,2.60763,95.79461,Cairo,France,0,0,Minor,Bird strike
EVT001544,2016-05-07T18:58:00,SkyWays,SK7024,Embraer 190,Turboprop,Toronto,Cairo,-10.62158,121.0075,Cairo,France,0,0,Hull Loss,Pilot error
EVT001545,2017-12-26T18:51:00,TransContinental,TR8578,Embraer 190,Turboprop,Toronto,Beijing,1.46527,-22.3791,Cairo,Australia,0,0,Hull Loss,Unknown
EVT001546,2015-01-29T13:25:00,IslandAir,IS6167,Airbus A330,Jet,Sydney,Cairo,37.32033,21.02296,Cairo,UK,0,0,Unknown,Weather
EVT001547,2017-01-28T14:28:00,AeroExpress,AE507,Boeing 737,Jet,Mumbai,New York,-6.36628,20.1212,Paris,China,0,0,Hull Loss,Engine failure
EVT001548,2018-11-08T23:41:00,SkyWays,SK6207,Embraer 190,Turboprop,Beijing,Berlin,28.41091,-91.08626,Sao Paulo,Brazil,0,0,Minor,Pilot error
EVT001549,2015-09-08T02:51:00,IslandAir,IS9771,Bombardier Q400,Turboprop,Sao Paulo,New York,33.60082,27.67936,Toronto,Brazil,0,0,Major,Unknown
EVT001550,2017-12-25T13:07:00,TransContinental,TR9529,Boeing 737,Jet,Beijing,Paris,32.23142,-66.98082,Sao Paulo,India,0,1,Minor,Bird strike
EVT001551,2018-09-02T01:02:00,IslandAir,IS1177,Airbus A330,Jet,Sao Paulo,Berlin,-51.01564,-146.72282,Toronto,China,0,0,Hull Loss,Runway excursion
EVT001552,2020-01-28T15:10:00,AeroExpress,AE1589,Bombardier Q400,Turboprop,Paris,Mumbai,-24.27095,141.27379,Sao Paulo,UK,0,0,Hull Loss,Weather
EVT001553,2017-01-24T23:13:00,IslandAir,IS4796,Embraer 190,Turboprop,Berlin,Cairo,48.78291,124.42762,Cairo,India,0,0,Hull Loss,Engine failure
EVT001554,2019-05-18T19:42:00,SkyWays,SK2292,Airbus A320,Jet,Mumbai,Beijing,-37.42242,85.90816,Beijing,USA,0,0,Major,Weather
EVT001555,2019-08-30T22:34:00,SkyWays,SK1778,Airbus A320,Jet,Mumbai,Sydney,28.35807,174.02358,Berlin,Brazil,0,0,Hull Loss,Runway excursion
EVT001556,2020-08-14T20:37:00,NorthernFlights,NO7292,Bombardier Q400,Turboprop,Berlin,London,3.87372,43.92159,Sydney,India,2,1,Minor,Pilot error
EVT001557,2020-03-27T06:38:00,TransContinental,TR3656,Boeing 737,Jet,Sao Paulo,Cairo,-23.62006,-155.88458,London,UK,0,0,Minor,Mid-air collision
EVT001558,2016-11-03T11:30:00,IslandAir,IS8751,Airbus A320,Jet,Mumbai,Beijing,-36.65367,-116.16264,New York,UK,0,2,Minor,Bird strike
EVT001559,2016-07-03T17:56:00,IslandAir,IS3683,Boeing 737,Jet,New York,Toronto,11.29065,-125.96814,Mumbai,USA,0,1,Major,Mid-air collision
EVT001560,2016-11-01T03:38:00,GlobalAir,GL8822,Boeing 737,Jet,Sydney,Toronto,-43.63168,105.77857,Mumbai,UK,0,0,Minor,Engine failure
EVT001561,2016-02-13T13:35:00,NorthernFlights,NO3035,Boeing 747,Jet,Paris,New York,40.65116,-131.71506,Berlin,Canada,0,0,Unknown,Bird strike
EVT001562,2015-08-28T10:22:00,GlobalAir,GL8421,Airbus A320,Jet,Sydney,Berlin,-30.04589,-54.09057,Mumbai,Germany,0,0,Unknown,Mid-air collision
EVT001563,2020-01-28T19:55:00,TransContinental,TR1043,Airbus A330,Jet,Beijing,Sydney,30.39817,10.68039,Mumbai,India,0,0,Hull Loss,Unknown
EVT001564,2016-08-10T20:13:00,AeroExpress,AE915,Boeing 747,Jet,Toronto,Berlin,57.18783,-59.68171,Berlin,Brazil,0,0,Hull Loss,Pilot error
EVT001565,2015-04-17T04:14:00,SkyWays,SK1353,Bombardier Q400,Turboprop,Sao Paulo,New York,37.98799,6.02277,Toronto,Canada,0,0,Minor,Pilot error
EVT001566,2015-10-19T02:31:00,TransContinental,TR696,Bombardier Q400,Turboprop,Mumbai,Cairo,-1.26947,14.21714,Paris,USA,1,2,Hull Loss,Runway excursion
EVT001567,2015-07-01T11:39:00,AeroExpress,AE7860,Airbus A320,Jet,London,Sydney,7.96787,-158.13255,Berlin,India,4,1,Major,Weather
EVT001568,2016-04-14T18:14:00,SkyWays,SK5720,Boeing 737,Jet,Beijing,Sydney,-45.42616,53.56763,Berlin,UK,0,0,Major,Unknown
EVT001569,2015-12-05T00:40:00,TransContinental,TR9381,Airbus A330,Jet,Beijing,Sydney,-36.43413,-170.64121,Sao Paulo,Germany,0,0,Hull Loss,Pilot error
EVT001570,2019-08-21T23:54:00,TransContinental,TR8101,Bombardier Q400,Turboprop,Berlin,New York,46.01797,-96.24792,Mumbai,France,0,0,Minor,Bird strike
EVT001571,2020-10-24T04:41:00,SkyWays,SK5059,Bombardier Q400,Turboprop,Beijing,Paris,-34.45227,120.26964,London,India,0,0,Major,Engine failure
EVT001572,2019-09-24T05:30:00,AeroExpress,AE3720,Airbus A330,Jet,London,Paris,-26.50105,67.0611,New York,Canada,0,0,Unknown,Engine failure
EVT001573,2017-01-21T14:07:00,NorthernFlights,NO3336,Boeing 737,Jet,London,Beijing,5.98393,-35.50586,Berlin,Germany,0,0,Unknown,Weather
EVT001574,2017-07-23T06:59:00,GlobalAir,GL8029,Bombardier Q400,Turboprop,Sydney,Beijing,57.40157,78.73221,Mumbai,UK,0,0,Major,Pilot error
EVT001575,2020-06-02T01:22:00,AeroExpress,AE2653,Boeing 747,Jet,London,New York,-41.14748,126.49178,London,UK,0,0,Unknown,Runway excursion
EVT001576,2016-02-13T05:12:00,GlobalAir,GL2553,Airbus A320,Jet,New York,Cairo,-38.29929,-135.14485,Toronto,France,2,1,Unknown,Bird strike
EVT001577,2019-09-16T18:47:00,SkyWays,SK8665,Airbus A320,Jet,Mumbai,Sydney,19.92487,179.6841,Mumbai,Australia,2,1,Major,Engine failure
EVT001578,2015-06-10T10:02:00,IslandAir,IS4377,Airbus A320,Jet,Cairo,London,39.10516,-1.62924,Beijing,Brazil,0,0,Hull Loss,Unknown
EVT001579,2015-12-11T11:28:00,SkyWays,SK953,Bombardier Q400,Turboprop,Mumbai,London,-29.98776,-58.47339,Sao Paulo,Brazil,0,0,Major,Bird strike
EVT001580,2017-12-01T00:11:00,SkyWays,SK3416,Embraer 190,Turboprop,Sydney,London,-4.64177,155.40712,New York,Brazil,0,0,Unknown,Weather
EVT001581,2015-09-11T08:47:00,NorthernFlights,NO454,Airbus A320,Jet,Paris,London,-21.53185,-169.95848,Berlin,UK,0,0,Hull Loss,Runway excursion
EVT001582,2018-10-08T23:52:00,SkyWays,SK4141,Boeing 737,Jet,Sao Paulo,Cairo,-40.31889,-156.75411,New York,India,0,0,Minor,Unknown
EVT001583,2016-12-09T19:58:00,AeroExpress,AE8055,Boeing 747,Jet,Paris,New York,-13.80341,93.86367,Berlin,Canada,0,1,Unknown,Weather
EVT001584,2017-06-14T03:37:00,TransContinental,TR2331,Airbus A320,Jet,Sao Paulo,Sydney,-30.40824,157.155,Mumbai,Brazil,0,0,Minor,Bird strike
EVT001585,2017-11-23T07:24:00,NorthernFlights,NO5224,Airbus A330,Jet,Sao Paulo,London,57.19376,-136.7492,Sao Paulo,India,1,0,Minor,Pilot error
EVT001586,2016-06-02T03:28:00,TransContinental,TR8072,Boeing 737,Jet,Sydney,London,4.87476,-128.83166,Paris,Canada,0,0,Unknown,Pilot error
EVT001587,2018-02-13T12:52:00,TransContinental,TR911,Boeing 747,Jet,London,Cairo,58.67226,1.18985,Mumbai,Germany,2,0,Major,Weather
EVT001588,2017-04-10T16:59:00,SkyWays,SK943,Boeing 737,Jet,Sydney,Beijing,-47.1266,1.82241,London,Brazil,0,0,Major,Bird strike
EVT001589,2016-05-12T16:26:00,IslandAir,IS3349,Airbus A320,Jet,Sydney,Sao Paulo,57.96695,137.52334,Beijing,UK,1,1,Unknown,Bird strike
EVT001590,2015-01-23T15:22:00,AeroExpress,AE8864,Boeing 737,Jet,Paris,Berlin,-45.55513,165.57602,London,USA,0,0,Major,Runway excursion
EVT001591,2016-08-01T20:34:00,GlobalAir,GL7796,Boeing 747,Jet,Cairo,Mumbai,42.14002,143.64127,London,India,0,0,Major,Weather
EVT001592,2017-03-07T03:40:00,TransContinental,TR1110,Bombardier Q400,Turboprop,Beijing,New York,56.89209,142.38713,Sao Paulo,Canada,0,0,Major,Pilot error
EVT001593,2017-07-05T20:19:00,AeroExpress,AE8909,Airbus A330,Jet,London,New York,43.52207,80.87645,New York,France,0,0,Minor,Mid-air collision
EVT001594,2020-09-17T04:42:00,IslandAir,IS7913,Boeing 747,Jet,London,Berlin,-42.02854,28.47301,Berlin,Canada,0,0,Major,Runway excursion
EVT001595,2019-08-14T23:31:00,IslandAir,IS6634,Embraer 190,Turboprop,London,New York,-11.74324,-157.07745,Paris,Canada,0,0,Minor,Pilot error
EVT001596,2020-01-16T09:08:00,GlobalAir,GL2148,Boeing 747,Jet,Mumbai,Sao Paulo,-10.67098,-150.94228,Toronto,USA,0,0,Unknown,Runway excursion
EVT001597,2015-08-10T22:39:00,TransContinental,TR8523,Boeing 747,Jet,New York,Berlin,-46.14131,117.53433,Sydney,India,0,1,Unknown,Mid-air collision
EVT001598,2015-12-07T03:04:00,SkyWays,SK1039,Airbus A320,Jet,Sydney,Beijing,-25.93434,-89.07126,Toronto,Canada,0,0,Unknown,Unknown
EVT001599,2017-04-14T21:19:00,IslandAir,IS2503,Boeing 737,Jet,Berlin,Sao Paulo,-17.49533,-113.85459,Cairo,India,0,0,Minor,Engine failure
EVT001600,2016-03-06T20:23:00,TransContinental,TR6308,Airbus A330,Jet,Sydney,London,-37.53137,1.15248,Mumbai,China,0,1,Minor,Mid-air collision
EVT001601,2016-11-04T14:52:00,TransContinental,TR3922,Airbus A320,Jet,London,Cairo,-0.16379,-85.23074,Cairo,Australia,0,2,Minor,Engine failure
EVT001602,2017-01-25T09:18:00,NorthernFlights,NO2759,Airbus A320,Jet,Sydney,Berlin,-51.16331,79.35174,Berlin,Egypt,0,0,Minor,Engine failure
EVT001603,2016-03-05T04:55:00,GlobalAir,GL7933,Airbus A320,Jet,Berlin,Sao Paulo,-47.90742,-168.32719,Toronto,USA,0,0,Major,Bird strike
EVT001604,2015-05-03T17:05:00,SkyWays,SK8368,Embraer 190,Turboprop,London,Beijing,50.41576,-43.89734,Paris,UK,0,0,Minor,Engine failure
EVT001605,2016-07-21T07:58:00,SkyWays,SK1531,Embraer 190,Turboprop,Mumbai,London,-31.22969,-103.5913,Sao Paulo,Canada,1,0,Unknown,Mid-air collision
EVT001606,2015-09-29T17:22:00,AeroExpress,AE7179,Boeing 747,Jet,Sydney,Beijing,-42.16922,159.71464,Sao Paulo,USA,0,0,Unknown,Unknown
EVT001607,2017-11-29T03:16:00,SkyWays,SK5488,Airbus A320,Jet,Mumbai,Paris,-21.74626,9.41631,Berlin,Germany,0,0,Hull Loss,Mid-air collision
EVT001608,2020-07-24T01:55:00,NorthernFlights,NO8717,Boeing 737,Jet,Sydney,Cairo,-8.5798,121.89513,Mumbai,India,0,0,Hull Loss,Runway excursion
EVT001609,2015-01-17T09:45:00,TransContinental,TR7185,Airbus A320,Jet,Sao Paulo,Paris,46.61684,152.50912,Cairo,France,0,0,Minor,Pilot error
EVT001610,2019-09-15T15:31:00,GlobalAir,GL6186,Boeing 737,Jet,Cairo,Mumbai,9.79363,-160.62807,Paris,Brazil,0,0,Hull Loss,Weather
EVT001611,2015-02-14T13:28:00,AeroExpress,AE9387,Boeing 747,Jet,Paris,Beijing,56.40455,21.8206,Berlin,Australia,0,0,Unknown,Engine failure
EVT001612,2016-12-11T20:43:00,IslandAir,IS4919,Airbus A330,Jet,Paris,New York,-12.8691,-86.75207,London,China,0,0,Minor,Bird strike
EVT001613,2018-03-11T23:06:00,TransContinental,TR7925,Boeing 737,Jet,London,Beijing,-27.98395,-130.10779,London,India,0,1,Major,Bird strike
EVT001614,2015-04-07T17:38:00,AeroExpress,AE4032,Airbus A320,Jet,Sao Paulo,Sydney,-26.05289,-38.87185,Cairo,Australia,0,0,Unknown,Bird strike
EVT001615,2018-01-29T06:40:00,AeroExpress,AE5441,Bombardier Q400,Turboprop,Paris,Sydney,1.14656,60.55006,Sydney,UK,2,2,Unknown,Pilot error
EVT001616,2018-09-07T19:38:00,GlobalAir,GL3466,Bombardier Q400,Turboprop,Mumbai,Cairo,-24.85608,-157.33126,New York,China,0,0,Unknown,Bird strike
EVT001617,2018-07-06T17:05:00,GlobalAir,GL6757,Airbus A320,Jet,Paris,London,6.72966,-135.36965,New York,Australia,0,1,Major,Weather
EVT001618,2018-12-02T10:50:00,AeroExpress,AE7395,Boeing 737,Jet,Sydney,Berlin,9.36715,152.92163,Sydney,France,0,0,Minor,Pilot error
EVT001619,2015-11-30T01:56:00,NorthernFlights,NO2989,Airbus A330,Jet,London,New York,-26.40567,-142.31928,Sao Paulo,Egypt,4,0,Major,Engine failure
EVT001620,2018-10-04T14:30:00,IslandAir,IS547,Airbus A320,Jet,Sao Paulo,New York,-55.02098,24.39344,Berlin,Egypt,0,0,Unknown,Bird strike
EVT001621,2015-03-20T02:43:00,TransContinental,TR5769,Embraer 190,Turboprop,Beijing,Berlin,24.37223,71.55292,Mumbai,USA,0,0,Hull Loss,Bird strike
EVT001622,2019-08-23T12:16:00,NorthernFlights,NO6439,Boeing 747,Jet,Cairo,Mumbai,-50.38856,-134.77855,Sydney,Australia,0,0,Unknown,Mid-air collision
EVT001623,2015-06-05T14:52:00,NorthernFlights,NO701,Boeing 737,Jet,Paris,Beijing,-24.8112,-122.22643,Paris,USA,0,0,Major,Runway excursion
EVT001624,2018-12-25T08:17:00,GlobalAir,GL2533,Airbus A330,Jet,Sao Paulo,New York,-33.97637,96.5467,Mumbai,India,0,0,Unknown,Mid-air collision
EVT001625,2016-01-06T03:50:00,GlobalAir,GL7996,Embraer 190,Turboprop,Mumbai,New York,-3.66639,15.79506,Toronto,France,0,0,Major,Bird strike
EVT001626,2018-05-09T05:29:00,GlobalAir,GL4864,Boeing 737,Jet,Cairo,Sao Paulo,-22.14942,-44.71591,Toronto,UK,0,0,Unknown,Unknown
EVT001627,2017-01-19T01:28:00,GlobalAir,GL2939,Bombardier Q400,Turboprop,Cairo,Paris,-46.63714,-112.46046,Mumbai,USA,0,0,Unknown,Weather
EVT001628,2018-05-08T17:00:00,TransContinental,TR9470,Boeing 747,Jet,Sao Paulo,Toronto,-48.63169,136.63742,Toronto,Australia,0,0,Unknown,Bird strike
EVT001629,2020-12-29T04:36:00,GlobalAir,GL2881,Airbus A320,Jet,Sydney,Sao Paulo,13.23017,-105.64865,Beijing,Egypt,0,0,Unknown,Unknown
EVT001630,2015-01-28T15:40:00,IslandAir,IS6729,Airbus A320,Jet,Sao Paulo,Berlin,-42.1912,-51.14426,Sao Paulo,India,0,0,Minor,Bird strike
EVT001631,2019-09-17T21:36:00,IslandAir,IS1496,Boeing 747,Jet,Paris,London,45.24144,54.17461,Cairo,Canada,0,0,Hull Loss,Mid-air collision
EVT001632,2015-11-14T23:39:00,SkyWays,SK7152,Bombardier Q400,Turboprop,New York,Sydney,-45.55954,-142.57255,Sao Paulo,Germany,0,0,Unknown,Mid-air collision
EVT001633,2020-05-06T10:17:00,TransContinental,TR2693,Airbus A320,Jet,Toronto,Cairo,33.75942,-42.78328,Sao Paulo,China,0,4,Unknown,Runway excursion
EVT001634,2020-06-25T06:23:00,IslandAir,IS5484,Bombardier Q400,Turboprop,Beijing,Sydney,0.89295,38.52597,Mumbai,China,4,0,Major,Bird strike
EVT001635,2017-11-10T20:53:00,SkyWays,SK772,Embraer 190,Turboprop,Paris,Berlin,1.00109,121.56698,Mumbai,Brazil,0,0,Minor,Weather
EVT001636,2018-09-01T11:52:00,NorthernFlights,NO3348,Boeing 737,Jet,Berlin,Sydney,-15.34519,34.80891,Paris,USA,0,0,Major,Unknown
EVT001637,2019-12-03T15:12:00,AeroExpress,AE5368,Airbus A320,Jet,Beijing,Paris,-45.68064,-145.49444,Sydney,Canada,0,1,Hull Loss,Pilot error
EVT001638,2020-01-19T21:36:00,AeroExpress,AE8502,Airbus A320,Jet,Mumbai,New York,-19.88364,15.89812,Sydney,Germany,0,0,Minor,Engine failure
EVT001639,2015-04-18T18:35:00,AeroExpress,AE2261,Airbus A330,Jet,Cairo,Beijing,11.03164,67.61193,Paris,Canada,0,0,Major,Weather
EVT001640,2016-09-26T10:08:00,GlobalAir,GL8376,Boeing 737,Jet,Beijing,Berlin,-33.43208,-159.73638,Mumbai,Germany,0,0,Unknown,Unknown
EVT001641,2017-05-17T07:29:00,SkyWays,SK9629,Boeing 737,Jet,Beijing,Cairo,33.84647,-162.01736,Toronto,Canada,0,0,Unknown,Bird strike
EVT001642,2017-10-15T12:51:00,NorthernFlights,NO3825,Bombardier Q400,Turboprop,Mumbai,Cairo,54.42025,-55.0235,London,Brazil,0,0,Major,Mid-air collision
EVT001643,2020-11-07T13:59:00,GlobalAir,GL3493,Boeing 737,Jet,Paris,Berlin,-30.61187,-46.31725,Mumbai,Egypt,0,0,Unknown,Bird strike
EVT001644,2018-04-19T22:36:00,TransContinental,TR1234,Bombardier Q400,Turboprop,Beijing,New York,19.01916,83.78931,Sydney,USA,0,0,Minor,Runway excursion
EVT001645,2019-07-09T17:14:00,SkyWays,SK9197,Airbus A330,Jet,Mumbai,Cairo,26.86902,35.68396,London,USA,0,0,Hull Loss,Pilot error
EVT001646,2017-12-07T10:35:00,GlobalAir,GL4341,Airbus A320,Jet,Paris,Sao Paulo,-3.11583,-8.14213,London,Germany,0,0,Unknown,Unknown
EVT001647,2018-07-03T11:42:00,SkyWays,SK3036,Bombardier Q400,Turboprop,Toronto,London,24.3157,136.02639,Mumbai,Egypt,0,0,Minor,Mid-air collision
EVT001648,2015-02-04T16:28:00,IslandAir,IS3628,Bombardier Q400,Turboprop,Sydney,Beijing,-38.68166,-76.7398,Paris,Egypt,0,0,Major,Bird strike
EVT001649,2016-11-16T09:23:00,IslandAir,IS8808,Bombardier Q400,Turboprop,London,Paris,-57.21677,76.12532,Beijing,China,0,0,Unknown,Mid-air collision
EVT001650,2019-07-20T16:34:00,TransContinental,TR2536,Airbus A330,Jet,Berlin,Mumbai,-46.67914,-168.97419,Berlin,Canada,0,0,Major,Engine failure
EVT001651,2016-05-29T23:14:00,SkyWays,SK2915,Airbus A330,Jet,Cairo,Beijing,7.24504,72.59988,Paris,USA,0,0,Hull Loss,Runway excursion
EVT001652,2018-04-09T22:59:00,SkyWays,SK6192,Boeing 747,Jet,Mumbai,Paris,-22.13575,21.00397,New York,Germany,0,0,Major,Unknown
EVT001653,2018-12-05T22:27:00,GlobalAir,GL8808,Airbus A330,Jet,London,New York,-58.60157,48.54583,Sao Paulo,UK,4,1,Major,Pilot error
EVT001654,2018-10-16T01:07:00,IslandAir,IS9039,Boeing 747,Jet,London,Sao Paulo,57.95335,4.3996,Paris,Germany,0,0,Unknown,Bird strike
EVT001655,2017-04-24T04:40:00,IslandAir,IS2568,Airbus A330,Jet,New York,Sydney,24.08936,-82.51725,Sydney,Germany,0,0,Unknown,Engine failure
EVT001656,2018-11-25T08:02:00,TransContinental,TR7370,Airbus A320,Jet,Paris,Toronto,-27.73292,68.17351,Beijing,India,0,0,Major,Pilot error
EVT001657,2017-12-03T11:12:00,NorthernFlights,NO5039,Embraer 190,Turboprop,New York,Beijing,13.89889,-117.14541,Sydney,Egypt,0,0,Hull Loss,Mid-air collision
EVT001658,2015-10-22T19:39:00,TransContinental,TR2587,Boeing 737,Jet,Sao Paulo,Toronto,21.33033,46.30573,Toronto,UK,0,0,Major,Pilot error
EVT001659,2015-12-02T12:13:00,SkyWays,SK102,Embraer 190,Turboprop,Mumbai,Cairo,57.83709,16.65676,Sydney,Australia,0,0,Major,Mid-air collision
EVT001660,2018-12-26T22:55:00,IslandAir,IS6198,Boeing 747,Jet,Sydney,Mumbai,54.85105,-104.74687,New York,Brazil,0,0,Minor,Weather
EVT001661,2020-07-11T16:46:00,TransContinental,TR6155,Embraer 190,Turboprop,Sao Paulo,New York,-39.38765,-128.88237,Toronto,Australia,0,0,Major,Weather
EVT001662,2020-10-22T05:40:00,NorthernFlights,NO8861,Boeing 747,Jet,Mumbai,Cairo,28.46484,42.78893,Cairo,USA,0,1,Major,Mid-air collision
EVT001663,2016-07-21T15:29:00,GlobalAir,GL9598,Bombardier Q400,Turboprop,Sydney,Berlin,30.90881,22.65352,Beijing,France,0,0,Major,Mid-air collision
EVT001664,2017-06-18T11:24:00,SkyWays,SK8895,Embraer 190,Turboprop,Sydney,Cairo,31.90049,73.31827,London,USA,0,0,Unknown,Pilot error
EVT001665,2019-09-07T11:06:00,AeroExpress,AE2022,Airbus A330,Jet,Beijing,Berlin,25.74895,-111.78652,Sao Paulo,Brazil,0,0,Minor,Pilot error
EVT001666,2017-08-02T04:40:00,IslandAir,IS4155,Boeing 747,Jet,London,Cairo,21.23743,-53.92338,Cairo,Brazil,0,0,Minor,Mid-air collision
EVT001667,2020-03-13T01:02:00,IslandAir,IS2441,Boeing 747,Jet,Sydney,Beijing,43.32275,135.47154,Mumbai,India,0,1,Major,Engine failure
EVT001668,2016-08-25T14:53:00,IslandAir,IS7006,Airbus A320,Jet,New York,Paris,20.40207,-2.01025,Mumbai,Germany,0,0,Unknown,Weather
EVT001669,2016-05-05T20:19:00,GlobalAir,GL9801,Boeing 747,Jet,London,New York,26.27457,0.7298,Toronto,China,0,0,Major,Bird strike
EVT001670,2020-01-31T23:54:00,NorthernFlights,NO6558,Airbus A330,Jet,New York,London,-34.82613,134.16095,Sydney,Canada,0,0,Unknown,Mid-air collision
EVT001671,2017-10-17T11:38:00,AeroExpress,AE1215,Airbus A330,Jet,Berlin,Sydney,-21.41051,55.41055,Mumbai,India,0,0,Hull Loss,Weather
EVT001672,2016-10-04T00:24:00,GlobalAir,GL4909,Airbus A320,Jet,Toronto,Sao Paulo,-53.45758,-75.40615,Sydney,India,0,0,Minor,Mid-air collision
EVT001673,2020-09-27T19:07:00,AeroExpress,AE9384,Airbus A320,Jet,London,Mumbai,-50.13176,-26.7905,Sao Paulo,China,0,0,Unknown,Engine failure
EVT001674,2017-06-01T09:43:00,SkyWays,SK3301,Airbus A330,Jet,London,New York,49.18537,145.86178,Cairo,India,0,0,Unknown,Runway excursion
EVT001675,2019-04-13T06:32:00,SkyWays,SK857,Bombardier Q400,Turboprop,Berlin,Sydney,-6.8521,131.38376,Toronto,Germany,0,0,Hull Loss,Runway excursion
EVT001676,2020-12-26T22:59:00,SkyWays,SK9755,Boeing 747,Jet,Sao Paulo,New York,-35.59291,-26.62218,New York,France,0,0,Major,Runway excursion
EVT001677,2019-09-25T23:25:00,NorthernFlights,NO7754,Embraer 190,Turboprop,London,Berlin,-12.59208,-175.40589,Sydney,Australia,3,1,Unknown,Unknown
EVT001678,2018-10-17T10:18:00,TransContinental,TR7418,Boeing 737,Jet,Beijing,London,14.16957,-87.07969,Sydney,India,0,0,Unknown,Unknown
EVT001679,2019-11-29T20:30:00,GlobalAir,GL3513,Boeing 737,Jet,Toronto,Cairo,-0.24945,-174.67972,Mumbai,USA,0,0,Minor,Engine failure
EVT001680,2015-11-27T23:30:00,GlobalAir,GL138,Embraer 190,Turboprop,New York,Paris,-37.01873,1.91375,Sao Paulo,Australia,1,0,Unknown,Mid-air collision
EVT001681,2019-08-09T10:51:00,NorthernFlights,NO2368,Boeing 747,Jet,London,Berlin,9.87802,93.50055,Mumbai,Egypt,0,0,Major,Pilot error
EVT001682,2016-11-24T06:01:00,AeroExpress,AE3066,Bombardier Q400,Turboprop,Beijing,Toronto,50.28074,-153.80565,Cairo,Germany,0,0,Minor,Pilot error
EVT001683,2019-02-28T21:30:00,IslandAir,IS8465,Boeing 737,Jet,London,Berlin,7.79914,85.50685,Beijing,UK,4,0,Major,Mid-air collision
EVT001684,2020-12-04T11:27:00,GlobalAir,GL2507,Airbus A330,Jet,Cairo,Beijing,7.22722,-150.61342,Mumbai,USA,3,2,Major,Engine failure
EVT001685,2020-04-11T07:20:00,SkyWays,SK261,Embraer 190,Turboprop,New York,Sydney,-53.61483,-92.2776,Sydney,Australia,0,0,Minor,Mid-air collision
EVT001686,2016-09-21T06:04:00,GlobalAir,GL3391,Bombardier Q400,Turboprop,Sao Paulo,Mumbai,18.8433,75.09841,Toronto,Brazil,0,0,Major,Runway excursion
EVT001687,2020-02-03T23:37:00,TransContinental,TR1611,Bombardier Q400,Turboprop,New York,Paris,-20.85636,-37.19487,Paris,Australia,0,0,Unknown,Unknown
EVT001688,2017-12-30T13:34:00,IslandAir,IS450,Embraer 190,Turboprop,Sydney,London,-28.1882,43.68476,Beijing,China,0,0,Major,Pilot error
EVT001689,2019-03-14T23:37:00,IslandAir,IS8575,Embraer 190,Turboprop,Sao Paulo,London,-0.33485,121.21567,Beijing,Egypt,0,0,Hull Loss,Engine failure
EVT001690,2018-09-28T01:13:00,GlobalAir,GL9817,Boeing 737,Jet,Mumbai,Cairo,58.24408,-35.76538,Sao Paulo,Brazil,0,0,Minor,Bird strike
EVT001691,2016-09-10T18:09:00,IslandAir,IS6822,Airbus A330,Jet,Sao Paulo,London,-20.7013,-25.10715,Toronto,Australia,0,0,Minor,Weather
EVT001692,2020-05-23T08:34:00,AeroExpress,AE2133,Airbus A330,Jet,Paris,Beijing,14.94698,-99.6954,Toronto,Egypt,0,0,Unknown,Weather
EVT001693,2019-08-21T04:17:00,IslandAir,IS9431,Airbus A320,Jet,Toronto,Paris,57.24404,152.38009,Toronto,Brazil,0,0,Unknown,Unknown
EVT001694,2019-03-13T16:00:00,AeroExpress,AE8838,Airbus A320,Jet,Mumbai,New York,-38.68905,150.93256,Paris,France,0,0,Hull Loss,Weather
EVT001695,2018-10-10T02:21:00,SkyWays,SK7759,Embraer 190,Turboprop,Toronto,New York,-34.37643,2.1674,Sao Paulo,UK,0,0,Unknown,Unknown
EVT001696,2018-06-24T10:36:00,NorthernFlights,NO8431,Bombardier Q400,Turboprop,Sao Paulo,Berlin,53.27587,-121.4462,Berlin,Canada,5,0,Hull Loss,Bird strike
EVT001697,2020-12-20T12:41:00,GlobalAir,GL9555,Embraer 190,Turboprop,Sao Paulo,Toronto,10.39718,-22.13954,Toronto,China,0,1,Hull Loss,Runway excursion
EVT001698,2020-02-06T11:46:00,NorthernFlights,NO2430,Boeing 737,Jet,Mumbai,Paris,9.65487,-88.90955,Sydney,Germany,0,0,Major,Pilot error
EVT001699,2017-07-28T05:31:00,SkyWays,SK2336,Boeing 737,Jet,Toronto,Berlin,35.39244,-71.48999,Sydney,UK,0,0,Hull Loss,Weather
EVT001700,2019-04-06T21:37:00,TransContinental,TR3279,Boeing 737,Jet,Cairo,Beijing,-50.38224,-95.49599,New York,Egypt,0,0,Major,Mid-air collision
EVT001701,2016-10-23T01:30:00,IslandAir,IS843,Embraer 190,Turboprop,Cairo,Beijing,34.77738,47.12722,Paris,Germany,0,0,Major,Unknown
EVT001702,2019-07-04T18:36:00,AeroExpress,AE434,Airbus A320,Jet,Cairo,Paris,-0.57437,73.96302,Paris,Canada,0,0,Minor,Runway excursion
EVT001703,2015-05-02T09:39:00,AeroExpress,AE4966,Boeing 747,Jet,Cairo,Paris,-54.4646,-72.55253,Toronto,Egypt,2,1,Major,Runway excursion
EVT001704,2016-06-29T22:38:00,SkyWays,SK4393,Bombardier Q400,Turboprop,Toronto,Sao Paulo,43.58513,-61.44654,Toronto,UK,0,0,Major,Unknown
EVT001705,2015-11-21T03:16:00,IslandAir,IS4753,Boeing 737,Jet,Beijing,Sao Paulo,-37.11948,-10.24239,Sydney,China,1,1,Major,Bird strike
EVT001706,2016-07-29T14:02:00,TransContinental,TR7786,Boeing 737,Jet,Toronto,Sydney,-53.064,-90.98908,London,Canada,0,0,Major,Mid-air collision
EVT001707,2017-02-25T20:59:00,SkyWays,SK605,Airbus A320,Jet,Beijing,London,52.41242,162.9545,Cairo,UK,0,0,Unknown,Pilot error
EVT001708,2019-11-22T23:08:00,TransContinental,TR1699,Airbus A330,Jet,New York,London,33.11031,-16.73698,Mumbai,Germany,0,0,Major,Bird strike
EVT001709,2015-11-09T04:04:00,TransContinental,TR1276,Airbus A330,Jet,London,Sydney,-34.49553,60.35203,Mumbai,Canada,3,1,Hull Loss,Engine failure
EVT001710,2016-12-11T20:34:00,TransContinental,TR9362,Airbus A330,Jet,Paris,New York,-7.65112,165.87434,Berlin,Canada,3,0,Hull Loss,Unknown
EVT001711,2019-01-02T09:38:00,TransContinental,TR8915,Boeing 747,Jet,Mumbai,Toronto,42.15969,-156.72096,Toronto,Germany,0,0,Minor,Unknown
EVT001712,2015-12-01T11:29:00,SkyWays,SK8954,Boeing 737,Jet,Paris,Berlin,47.38153,-164.76299,Sao Paulo,Germany,0,1,Unknown,Pilot error
EVT001713,2020-01-29T07:02:00,AeroExpress,AE3829,Embraer 190,Turboprop,Berlin,Sydney,47.68974,41.08945,New York,Germany,0,0,Unknown,Pilot error
EVT001714,2018-12-05T20:03:00,TransContinental,TR9633,Embraer 190,Turboprop,London,Berlin,-32.73377,110.88251,Paris,China,0,1,Unknown,Weather
EVT001715,2016-12-08T12:48:00,SkyWays,SK7958,Embraer 190,Turboprop,Cairo,Toronto,1.86558,-133.94053,Toronto,China,0,0,Hull Loss,Weather
EVT001716,2017-06-30T22:45:00,NorthernFlights,NO7511,Boeing 747,Jet,Berlin,Cairo,18.05637,113.8978,London,China,0,0,Hull Loss,Runway excursion
EVT001717,2016-01-14T02:51:00,TransContinental,TR5805,Airbus A320,Jet,New York,Cairo,59.06416,-89.04631,Mumbai,Canada,0,2,Major,Weather
EVT001718,2020-03-27T07:41:00,SkyWays,SK9955,Airbus A330,Jet,Beijing,Cairo,30.82727,95.75,Berlin,Germany,0,0,Hull Loss,Runway excursion
EVT001719,2019-05-10T19:13:00,GlobalAir,GL7840,Airbus A330,Jet,Sydney,Paris,25.52517,115.69819,Sao Paulo,Australia,0,1,Minor,Runway excursion
EVT001720,2017-06-20T08:38:00,IslandAir,IS1179,Airbus A320,Jet,Paris,Berlin,-31.75249,-18.00748,Paris,USA,0,0,Unknown,Weather
EVT001721,2015-04-16T00:39:00,AeroExpress,AE1617,Boeing 747,Jet,Berlin,Toronto,36.79831,-56.36397,Berlin,France,0,0,Hull Loss,Weather
EVT001722,2017-08-16T06:24:00,GlobalAir,GL9499,Bombardier Q400,Turboprop,Toronto,Paris,-26.98537,-22.61322,Sao Paulo,Canada,0,0,Unknown,Mid-air collision
EVT001723,2019-01-25T20:01:00,TransContinental,TR9474,Boeing 737,Jet,Sao Paulo,Cairo,-14.29475,93.10573,Sydney,USA,0,0,Unknown,Runway excursion
EVT001724,2017-05-23T22:09:00,TransContinental,TR8639,Airbus A330,Jet,Beijing,Cairo,-33.97651,-7.6672,Sao Paulo,India,0,0,Unknown,Bird strike
EVT001725,2015-02-01T21:35:00,AeroExpress,AE4398,Embraer 190,Turboprop,Sao Paulo,London,47.12768,145.83641,Berlin,UK,0,0,Hull Loss,Engine failure
EVT001726,2015-02-10T23:52:00,SkyWays,SK4127,Embraer 190,Turboprop,Beijing,Berlin,-25.06623,145.27162,London,Canada,0,0,Major,Engine failure
EVT001727,2018-03-26T23:24:00,AeroExpress,AE9582,Bombardier Q400,Turboprop,Berlin,London,12.81293,-176.90793,Cairo,China,0,1,Hull Loss,Weather
EVT001728,2018-09-09T10:30:00,TransContinental,TR4134,Boeing 747,Jet,Beijing,Berlin,52.88879,15.62723,New York,India,0,0,Major,Engine failure
EVT001729,2017-06-07T22:22:00,NorthernFlights,NO5030,Airbus A320,Jet,New York,Toronto,-12.04422,-120.05637,Sydney,Germany,0,0,Unknown,Engine failure
EVT001730,2018-09-26T13:53:00,AeroExpress,AE6146,Bombardier Q400,Turboprop,Mumbai,London,31.98205,76.16892,Berlin,Germany,0,0,Major,Weather
EVT001731,2020-02-14T08:03:00,SkyWays,SK705,Airbus A330,Jet,Beijing,New York,-7.06596,-9.81339,Beijing,Egypt,0,0,Major,Engine failure
EVT001732,2019-07-13T21:39:00,GlobalAir,GL8178,Embraer 190,Turboprop,Sao Paulo,London,34.77683,-40.14472,Beijing,Germany,3,2,Minor,Unknown
EVT001733,2017-11-11T13:21:00,GlobalAir,GL901,Boeing 747,Jet,London,Paris,-19.0389,163.27276,Berlin,Brazil,0,0,Minor,Weather
EVT001734,2018-06-15T01:18:00,GlobalAir,GL4367,Airbus A320,Jet,London,Sao Paulo,10.65818,175.86656,Paris,France,0,0,Unknown,Mid-air collision
EVT001735,2018-07-02T01:01:00,NorthernFlights,NO5640,Embraer 190,Turboprop,Toronto,Cairo,12.52191,-107.72993,Berlin,India,0,0,Hull Loss,Unknown
EVT001736,2016-11-06T04:45:00,SkyWays,SK4958,Boeing 747,Jet,Paris,Sydney,3.46669,7.04554,Beijing,Germany,0,0,Unknown,Unknown
EVT001737,2015-11-05T04:25:00,NorthernFlights,NO2632,Embraer 190,Turboprop,Berlin,New York,57.48001,-159.79732,Sydney,UK,0,0,Unknown,Bird strike
EVT001738,2017-12-26T06:38:00,GlobalAir,GL302,Bombardier Q400,Turboprop,Beijing,Toronto,5.70979,-140.88459,New York,UK,0,0,Minor,Bird strike
EVT001739,2017-08-16T02:44:00,SkyWays,SK3438,Boeing 747,Jet,New York,Mumbai,43.44531,-26.09925,Toronto,India,0,0,Major,Engine failure
EVT001740,2019-04-11T13:54:00,GlobalAir,GL3431,Airbus A320,Jet,Beijing,Paris,-15.15643,88.44781,Berlin,China,0,0,Major,Unknown
EVT001741,2017-07-26T23:19:00,IslandAir,IS2109,Embraer 190,Turboprop,Mumbai,Toronto,-15.4009,-33.87629,London,Canada,0,0,Unknown,Unknown
EVT001742,2016-06-24T03:56:00,TransContinental,TR887,Airbus A320,Jet,Paris,Sydney,28.33684,121.49471,Mumbai,UK,0,0,Unknown,Runway excursion
EVT001743,2020-11-20T21:51:00,AeroExpress,AE1933,Boeing 747,Jet,Sydney,Toronto,-30.42315,-91.28424,London,Australia,0,0,Unknown,Weather
EVT001744,2020-03-11T00:19:00,SkyWays,SK1635,Airbus A320,Jet,London,Sao Paulo,-2.74461,36.92569,Paris,Australia,2,0,Unknown,Runway excursion
EVT001745,2020-10-22T14:11:00,IslandAir,IS7645,Embraer 190,Turboprop,Sao Paulo,New York,-53.09424,37.09454,Beijing,Canada,0,0,Hull Loss,Pilot error
EVT001746,2017-07-01T06:18:00,TransContinental,TR3277,Boeing 747,Jet,Mumbai,Cairo,-47.44337,160.24328,Cairo,Germany,0,1,Hull Loss,Mid-air collision
EVT001747,2016-06-14T14:57:00,SkyWays,SK5029,Embraer 190,Turboprop,Beijing,London,-46.35255,44.96008,London,Australia,4,2,Minor,Runway excursion
EVT001748,2019-02-01T17:05:00,SkyWays,SK9860,Airbus A330,Jet,Paris,Sao Paulo,47.11659,-154.18147,New York,Australia,0,0,Minor,Engine failure
EVT001749,2018-07-20T19:09:00,NorthernFlights,NO8904,Boeing 737,Jet,New York,Beijing,-8.30338,158.74855,Sao Paulo,China,0,0,Hull Loss,Weather
EVT001750,2016-07-28T15:09:00,TransContinental,TR5466,Airbus A330,Jet,Cairo,Paris,-8.44357,-45.75945,Paris,Germany,0,0,Hull Loss,Unknown
EVT001751,2019-03-08T13:09:00,NorthernFlights,NO7523,Embraer 190,Turboprop,Toronto,Cairo,-21.04647,48.98875,Berlin,UK,0,0,Major,Runway excursion
EVT001752,2020-03-18T18:58:00,GlobalAir,GL7514,Bombardier Q400,Turboprop,Mumbai,New York,-56.61925,-167.08126,New York,India,0,0,Hull Loss,Engine failure
EVT001753,2019-05-15T23:38:00,IslandAir,IS1438,Boeing 737,Jet,Sydney,Toronto,-15.81475,151.07137,Sao Paulo,Canada,0,0,Major,Weather
EVT001754,2016-11-29T16:18:00,TransContinental,TR7353,Airbus A330,Jet,Beijing,Cairo,39.43195,-173.78405,London,India,0,0,Hull Loss,Pilot error
EVT001755,2019-12-22T20:57:00,SkyWays,SK3590,Boeing 737,Jet,Mumbai,Paris,-19.99355,131.53758,Sydney,Canada,0,0,Major,Runway excursion
EVT001756,2017-10-28T04:58:00,NorthernFlights,NO3771,Airbus A330,Jet,Paris,Cairo,-48.93216,118.6127,Sydney,Germany,0,0,Major,Unknown
EVT001757,2019-07-08T13:20:00,NorthernFlights,NO3263,Airbus A330,Jet,New York,Mumbai,52.24871,-100.79908,Beijing,China,0,1,Hull Loss,Pilot error
EVT001758,2019-04-23T17:01:00,GlobalAir,GL8233,Airbus A330,Jet,Cairo,Mumbai,-24.27372,46.05471,Beijing,India,0,0,Hull Loss,Engine failure
EVT001759,2018-12-11T14:29:00,IslandAir,IS3441,Boeing 747,Jet,New York,London,1.30328,12.80089,Beijing,Canada,0,0,Minor,Mid-air collision
EVT001760,2020-12-13T12:59:00,TransContinental,TR8336,Airbus A320,Jet,Sao Paulo,Toronto,48.38303,-22.29981,Cairo,Brazil,0,0,Minor,Bird strike
EVT001761,2019-10-05T11:11:00,GlobalAir,GL1092,Airbus A330,Jet,Berlin,Beijing,24.66121,44.92672,Sydney,Australia,0,0,Minor,Unknown
EVT001762,2020-05-22T12:07:00,AeroExpress,AE1824,Boeing 737,Jet,Sao Paulo,Toronto,-48.25117,8.88085,Mumbai,Germany,0,0,Unknown,Mid-air collision
EVT001763,2017-03-13T15:18:00,TransContinental,TR9067,Airbus A320,Jet,New York,Berlin,-10.85179,131.13019,Sao Paulo,India,0,0,Minor,Pilot error
EVT001764,2015-09-23T07:30:00,AeroExpress,AE5100,Airbus A320,Jet,Toronto,Beijing,-45.84581,-23.06388,Sao Paulo,UK,0,0,Unknown,Unknown
EVT001765,2016-04-06T05:00:00,NorthernFlights,NO6450,Airbus A330,Jet,Paris,Cairo,43.41275,89.7558,Cairo,USA,0,0,Minor,Mid-air collision
EVT001766,2016-01-01T17:02:00,AeroExpress,AE8520,Boeing 747,Jet,Cairo,New York,12.53371,92.96665,Toronto,India,0,0,Major,Pilot error
EVT001767,2019-06-18T13:07:00,AeroExpress,AE731,Bombardier Q400,Turboprop,Berlin,London,22.93305,37.99443,New York,Germany,0,0,Hull Loss,Runway excursion
EVT001768,2020-01-23T02:08:00,IslandAir,IS9415,Boeing 747,Jet,Sydney,Sao Paulo,-12.98588,-15.22404,Paris,India,0,0,Major,Runway excursion
EVT001769,2015-06-25T17:34:00,TransContinental,TR3173,Boeing 747,Jet,Sao Paulo,Mumbai,54.08402,50.98467,Cairo,Brazil,0,0,Hull Loss,Engine failure
EVT001770,2015-06-07T16:29:00,GlobalAir,GL5695,Boeing 737,Jet,Toronto,London,11.78072,132.47028,Sao Paulo,Australia,0,0,Hull Loss,Engine failure
EVT001771,2017-02-12T00:57:00,SkyWays,SK3478,Bombardier Q400,Turboprop,London,Beijing,-30.01182,-53.05153,Paris,Brazil,0,0,Hull Loss,Unknown
EVT001772,2015-05-30T13:33:00,SkyWays,SK8752,Embraer 190,Turboprop,New York,Beijing,-28.72931,149.36512,New York,Germany,0,0,Unknown,Engine failure
EVT001773,2017-08-24T10:47:00,NorthernFlights,NO1663,Airbus A330,Jet,London,Sao Paulo,-56.36497,-86.81495,New York,China,0,0,Major,Runway excursion
EVT001774,2016-02-04T04:06:00,NorthernFlights,NO2617,Boeing 737,Jet,Toronto,Cairo,-33.66545,-58.01859,Sao Paulo,UK,0,0,Major,Weather
EVT001775,2015-11-15T03:25:00,TransContinental,TR1237,Airbus A320,Jet,Paris,Toronto,40.33254,-17.26454,Berlin,USA,0,0,Hull Loss,Unknown
EVT001776,2020-08-25T17:11:00,TransContinental,TR3866,Boeing 747,Jet,Sydney,Mumbai,-7.13199,170.08171,Mumbai,Egypt,0,0,Hull Loss,Weather
EVT001777,2015-10-23T06:19:00,SkyWays,SK4536,Boeing 737,Jet,Paris,Sao Paulo,3.11259,13.02316,Berlin,Egypt,0,0,Unknown,Mid-air collision
EVT001778,2020-07-09T14:23:00,AeroExpress,AE202,Airbus A320,Jet,New York,Beijing,-53.11962,51.80586,Cairo,India,0,0,Major,Weather
EVT001779,2019-06-08T03:00:00,NorthernFlights,NO8543,Boeing 747,Jet,New York,Sydney,56.99578,-109.18061,Cairo,Canada,0,0,Major,Pilot error
EVT001780,2019-04-24T12:47:00,TransContinental,TR6782,Boeing 747,Jet,Toronto,Sao Paulo,-11.28247,177.90586,Toronto,Brazil,0,0,Unknown,Bird strike
EVT001781,2020-03-01T22:32:00,SkyWays,SK1402,Bombardier Q400,Turboprop,Sao Paulo,Cairo,-4.19764,144.30198,Paris,Canada,0,0,Minor,Runway excursion
EVT001782,2019-09-01T14:29:00,GlobalAir,GL1802,Boeing 737,Jet,New York,Sydney,-30.55571,61.33377,Berlin,Canada,0,0,Major,Unknown
EVT001783,2017-07-28T02:32:00,SkyWays,SK1729,Boeing 737,Jet,Berlin,London,7.94364,-118.58354,Toronto,Brazil,0,0,Unknown,Bird strike
EVT001784,2018-04-25T01:06:00,TransContinental,TR6534,Embraer 190,Turboprop,Cairo,New York,9.26769,53.95247,Berlin,Australia,0,0,Minor,Runway excursion
EVT001785,2020-06-18T02:24:00,SkyWays,SK8953,Boeing 737,Jet,Sydney,Cairo,39.48819,-140.34562,Sydney,Germany,0,0,Major,Bird strike
EVT001786,2016-09-29T21:58:00,AeroExpress,AE8893,Bombardier Q400,Turboprop,Mumbai,Cairo,4.17198,-4.88705,Paris,Brazil,0,0,Minor,Unknown
EVT001787,2015-10-30T23:13:00,IslandAir,IS5628,Airbus A330,Jet,Paris,New York,12.61483,61.09319,Berlin,China,2,1,Unknown,Runway excursion
EVT001788,2020-06-09T03:04:00,IslandAir,IS1698,Bombardier Q400,Turboprop,Paris,Sao Paulo,26.48071,122.60158,Sao Paulo,India,0,0,Hull Loss,Unknown
EVT001789,2018-11-11T04:44:00,NorthernFlights,NO1983,Boeing 747,Jet,Cairo,Toronto,-59.98746,-158.2899,Sydney,Canada,0,0,Unknown,Weather
EVT001790,2019-08-16T11:33:00,IslandAir,IS3553,Bombardier Q400,Turboprop,London,New York,35.25883,-52.57828,Paris,France,1,0,Major,Mid-air collision
EVT001791,2016-03-30T03:17:00,TransContinental,TR2271,Boeing 737,Jet,Sydney,Berlin,-3.57601,-169.82649,London,China,0,0,Minor,Pilot error
EVT001792,2017-10-31T14:57:00,GlobalAir,GL6428,Boeing 737,Jet,Sydney,Cairo,-28.26388,-111.80359,Beijing,China,0,0,Unknown,Engine failure
EVT001793,2016-09-14T16:20:00,TransContinental,TR8414,Airbus A330,Jet,Beijing,Sydney,-41.48512,129.84847,Sydney,India,1,1,Unknown,Unknown
EVT001794,2018-12-22T06:26:00,GlobalAir,GL9729,Bombardier Q400,Turboprop,Berlin,Mumbai,-35.19896,-122.38441,Paris,France,0,0,Hull Loss,Runway excursion
EVT001795,2020-10-16T21:28:00,IslandAir,IS6874,Embraer 190,Turboprop,Sydney,New York,24.47827,101.22003,Sydney,India,0,0,Minor,Mid-air collision
EVT001796,2015-01-20T12:34:00,SkyWays,SK4621,Embraer 190,Turboprop,London,Paris,43.31927,153.94584,Sydney,Brazil,1,1,Major,Engine failure
EVT001797,2018-01-31T16:47:00,TransContinental,TR1423,Boeing 747,Jet,Mumbai,London,44.67678,101.27737,Toronto,Brazil,0,0,Unknown,Bird strike
EVT001798,2017-07-04T20:31:00,AeroExpress,AE4745,Airbus A320,Jet,New York,Paris,46.78819,143.75522,Sydney,Australia,0,0,Hull Loss,Pilot error
EVT001799,2019-11-25T02:45:00,TransContinental,TR6999,Boeing 747,Jet,New York,Beijing,13.04062,-29.78818,Sao Paulo,Australia,0,0,Unknown,Bird strike
EVT001800,2020-06-28T11:01:00,AeroExpress,AE8808,Airbus A330,Jet,Sao Paulo,Mumbai,41.44518,-110.6199,Cairo,Egypt,4,1,Unknown,Bird strike
EVT001801,2020-10-09T10:06:00,SkyWays,SK459,Embraer 190,Turboprop,Cairo,New York,-19.83969,56.71506,Cairo,Egypt,0,0,Hull Loss,Engine failure
EVT001802,2019-12-24T00:29:00,NorthernFlights,NO426,Airbus A320,Jet,London,Sao Paulo,-15.66383,150.03974,Sydney,China,0,2,Minor,Engine failure
EVT001803,2019-08-09T16:11:00,SkyWays,SK1884,Embraer 190,Turboprop,Sydney,New York,-43.99024,81.63543,Berlin,Germany,0,0,Hull Loss,Unknown
EVT001804,2016-07-02T02:57:00,SkyWays,SK5174,Airbus A320,Jet,Sydney,London,12.42805,150.83299,Berlin,Germany,0,0,Hull Loss,Runway excursion
EVT001805,2019-07-14T12:58:00,TransContinental,TR2001,Airbus A330,Jet,Sydney,Paris,55.63994,-165.81466,Berlin,Egypt,0,1,Minor,Bird strike
EVT001806,2016-06-28T11:38:00,GlobalAir,GL1086,Airbus A330,Jet,Mumbai,Berlin,13.78941,91.65712,Sao Paulo,UK,0,0,Unknown,Weather
EVT001807,2017-09-06T15:32:00,AeroExpress,AE7314,Boeing 737,Jet,Berlin,London,-56.07499,-39.46417,Mumbai,USA,0,0,Minor,Pilot error
EVT001808,2018-12-07T04:32:00,TransContinental,TR575,Boeing 737,Jet,Paris,Berlin,25.46449,-44.32574,Sydney,India,1,0,Major,Runway excursion
EVT001809,2019-05-21T05:13:00,TransContinental,TR6102,Embraer 190,Turboprop,Sydney,Beijing,27.19789,21.35118,New York,India,0,0,Hull Loss,Bird strike
EVT001810,2015-12-10T09:03:00,NorthernFlights,NO3503,Boeing 747,Jet,Mumbai,Cairo,-26.85421,76.36872,London,Brazil,0,0,Hull Loss,Bird strike
EVT001811,2016-03-18T16:13:00,SkyWays,SK2054,Boeing 747,Jet,London,Berlin,-15.1229,10.53866,Cairo,Australia,0,0,Major,Weather
EVT001812,2015-04-25T20:52:00,TransContinental,TR7226,Airbus A320,Jet,Beijing,Mumbai,0.27031,27.10938,Sydney,India,0,2,Hull Loss,Unknown
EVT001813,2018-06-22T09:10:00,GlobalAir,GL358,Airbus A330,Jet,London,Sao Paulo,43.16276,-135.55795,Mumbai,Canada,0,0,Unknown,Runway excursion
EVT001814,2017-08-31T16:02:00,IslandAir,IS3334,Bombardier Q400,Turboprop,Berlin,Cairo,11.4199,46.394,Paris,Germany,0,0,Minor,Weather
EVT001815,2020-01-09T11:50:00,IslandAir,IS6035,Boeing 747,Jet,Sydney,Mumbai,25.40198,-159.65538,Berlin,USA,0,0,Major,Mid-air collision
EVT001816,2020-03-02T05:41:00,TransContinental,TR9908,Bombardier Q400,Turboprop,London,Sao Paulo,11.99474,166.43328,Sao Paulo,UK,2,2,Unknown,Pilot error
EVT001817,2015-09-18T21:39:00,NorthernFlights,NO6199,Airbus A330,Jet,Berlin,Sydney,5.27384,-65.8603,Cairo,UK,0,0,Hull Loss,Weather
EVT001818,2018-12-23T13:36:00,SkyWays,SK3410,Embraer 190,Turboprop,Beijing,Sao Paulo,-9.75871,157.64452,Beijing,UK,0,0,Unknown,Unknown
EVT001819,2015-09-29T11:50:00,NorthernFlights,NO7358,Boeing 737,Jet,London,Berlin,23.10021,72.3923,New York,UK,0,0,Major,Weather
EVT001820,2018-04-29T03:27:00,NorthernFlights,NO9466,Airbus A330,Jet,London,Mumbai,-4.35225,-114.79509,New York,USA,0,0,Minor,Mid-air collision
EVT001821,2015-05-12T18:31:00,TransContinental,TR3662,Boeing 747,Jet,London,Sao Paulo,34.47278,125.92409,London,Australia,0,0,Hull Loss,Runway excursion
EVT001822,2019-07-28T10:26:00,SkyWays,SK1006,Bombardier Q400,Turboprop,Mumbai,London,48.14101,84.53091,Sydney,UK,0,0,Major,Engine failure
EVT001823,2017-06-25T20:25:00,IslandAir,IS1032,Boeing 747,Jet,Toronto,Berlin,-0.16772,69.63144,London,Canada,0,0,Major,Weather
EVT001824,2017-06-25T09:34:00,GlobalAir,GL1254,Airbus A330,Jet,New York,Berlin,-39.67831,94.43984,Toronto,Germany,0,0,Minor,Pilot error
EVT001825,2019-11-01T22:59:00,IslandAir,IS2571,Airbus A330,Jet,Berlin,New York,-39.59259,-124.46263,New York,India,0,0,Minor,Pilot error
EVT001826,2020-03-12T05:40:00,IslandAir,IS3578,Airbus A320,Jet,Beijing,Paris,-49.25421,3.09792,Sydney,China,0,0,Minor,Bird strike
EVT001827,2016-09-03T01:52:00,TransContinental,TR6104,Embraer 190,Turboprop,New York,Berlin,16.86249,129.59195,Sydney,Canada,0,0,Unknown,Bird strike
EVT001828,2018-02-02T21:23:00,GlobalAir,GL6979,Bombardier Q400,Turboprop,London,New York,-16.94315,-46.46522,New York,Australia,0,0,Minor,Bird strike
EVT001829,2019-07-16T19:04:00,AeroExpress,AE8845,Boeing 747,Jet,Toronto,Paris,-16.90485,19.17336,Paris,India,0,0,Unknown,Pilot error
EVT001830,2018-08-30T08:58:00,IslandAir,IS1629,Embraer 190,Turboprop,London,Cairo,55.93919,122.87331,Cairo,Brazil,0,0,Major,Runway excursion
EVT001831,2017-01-21T07:57:00,AeroExpress,AE7063,Embraer 190,Turboprop,Toronto,Mumbai,25.82203,-113.36387,Sao Paulo,Brazil,0,0,Unknown,Weather
EVT001832,2017-02-18T21:36:00,SkyWays,SK9694,Boeing 747,Jet,Sydney,Berlin,26.22056,-178.72465,Beijing,Germany,0,0,Minor,Engine failure
EVT001833,2018-11-09T16:13:00,IslandAir,IS3536,Embraer 190,Turboprop,Paris,Toronto,25.21686,-72.05115,Sydney,Canada,0,0,Unknown,Engine failure
EVT001834,2018-04-16T12:14:00,AeroExpress,AE2684,Bombardier Q400,Turboprop,Mumbai,Toronto,-23.39979,-71.22042,Toronto,Canada,0,0,Unknown,Weather
EVT001835,2015-04-06T08:40:00,TransContinental,TR9462,Boeing 747,Jet,Berlin,Sao Paulo,-48.07754,55.79433,Berlin,China,0,0,Hull Loss,Weather
EVT001836,2020-08-27T14:06:00,SkyWays,SK5805,Boeing 747,Jet,Sydney,Paris,0.91628,24.794,Paris,USA,0,0,Minor,Pilot error
EVT001837,2016-05-21T08:13:00,TransContinental,TR2614,Boeing 747,Jet,London,Toronto,47.89604,-150.81829,Beijing,UK,2,0,Unknown,Weather
EVT001838,2016-07-13T20:02:00,SkyWays,SK8198,Boeing 737,Jet,New York,Berlin,0.14878,156.91083,Sao Paulo,UK,0,0,Minor,Runway excursion
EVT001839,2016-10-12T21:25:00,NorthernFlights,NO7226,Embraer 190,Turboprop,Paris,Sao Paulo,4.57579,-102.6521,Sydney,China,0,1,Unknown,Pilot error
EVT001840,2016-07-18T21:15:00,NorthernFlights,NO6300,Airbus A320,Jet,London,Mumbai,19.78221,66.6687,Paris,UK,0,0,Unknown,Mid-air collision
EVT001841,2016-10-04T16:32:00,AeroExpress,AE7104,Embraer 190,Turboprop,Beijing,Paris,-22.79617,140.41552,London,Brazil,0,0,Unknown,Runway excursion
EVT001842,2015-07-18T13:34:00,NorthernFlights,NO947,Bombardier Q400,Turboprop,Cairo,Mumbai,48.28161,-166.09047,Sao Paulo,Brazil,1,1,Major,Pilot error
EVT001843,2015-02-09T02:45:00,AeroExpress,AE9431,Embraer 190,Turboprop,Sao Paulo,London,0.56326,105.4604,Mumbai,Australia,0,0,Hull Loss,Weather
EVT001844,2015-06-26T22:51:00,GlobalAir,GL5338,Airbus A330,Jet,Cairo,New York,-10.6829,112.69307,New York,China,0,0,Hull Loss,Weather
EVT001845,2017-05-21T08:08:00,TransContinental,TR318,Airbus A320,Jet,New York,Sydney,-17.34076,40.19446,Berlin,Australia,4,2,Unknown,Unknown
EVT001846,2018-06-03T20:05:00,SkyWays,SK8930,Airbus A330,Jet,New York,Sao Paulo,-1.08846,-172.96083,New York,India,0,0,Unknown,Unknown
EVT001847,2015-07-20T00:36:00,TransContinental,TR9538,Bombardier Q400,Turboprop,New York,Berlin,-43.76243,-63.74424,Sydney,Egypt,0,0,Hull Loss,Bird strike
EVT001848,2016-10-29T03:31:00,SkyWays,SK8422,Boeing 747,Jet,Berlin,London,9.69901,166.45626,Paris,Germany,0,0,Minor,Pilot error
EVT001849,2019-11-16T19:40:00,GlobalAir,GL9066,Boeing 747,Jet,Berlin,Mumbai,38.97214,10.05632,Berlin,Australia,0,0,Major,Mid-air collision
EVT001850,2015-07-08T20:26:00,SkyWays,SK3363,Airbus A330,Jet,Mumbai,Berlin,-47.47631,81.6172,Paris,France,0,0,Hull Loss,Runway excursion
EVT001851,2017-12-18T07:58:00,GlobalAir,GL8221,Embraer 190,Turboprop,Sao Paulo,Sydney,-29.88538,167.98118,Beijing,China,0,0,Unknown,Bird strike
EVT001852,2018-03-06T14:22:00,IslandAir,IS8889,Bombardier Q400,Turboprop,Cairo,Paris,58.47985,160.70597,Sydney,France,0,0,Minor,Engine failure
EVT001853,2019-04-24T09:54:00,NorthernFlights,NO9699,Boeing 737,Jet,Berlin,Mumbai,41.24855,-76.93255,Toronto,Brazil,0,0,Major,Mid-air collision
EVT001854,2018-08-17T21:52:00,SkyWays,SK5171,Boeing 747,Jet,New York,Cairo,42.8755,-124.67946,London,USA,0,0,Major,Unknown
EVT001855,2019-01-13T00:39:00,SkyWays,SK5539,Boeing 747,Jet,Sydney,Beijing,36.85283,-131.46146,Mumbai,China,1,1,Minor,Engine failure
EVT001856,2017-11-03T21:29:00,TransContinental,TR375,Boeing 737,Jet,Paris,Cairo,-23.03155,-25.53773,Beijing,Australia,0,0,Minor,Engine failure
EVT001857,2020-09-11T13:02:00,NorthernFlights,NO4724,Airbus A330,Jet,Beijing,Sao Paulo,24.47256,154.90837,New York,UK,0,1,Minor,Runway excursion
EVT001858,2020-03-29T21:40:00,IslandAir,IS6973,Boeing 747,Jet,Mumbai,Sydney,-22.56487,-21.02582,Sao Paulo,Germany,1,2,Minor,Runway excursion
EVT001859,2016-11-21T18:17:00,AeroExpress,AE545,Boeing 737,Jet,Paris,Mumbai,-38.50388,92.06654,Sydney,Australia,0,0,Unknown,Unknown
EVT001860,2018-03-18T14:50:00,NorthernFlights,NO8573,Boeing 747,Jet,Toronto,Sao Paulo,29.46015,-15.24245,Sydney,Canada,2,0,Unknown,Pilot error
EVT001861,2020-06-01T05:11:00,IslandAir,IS9693,Boeing 747,Jet,Beijing,Cairo,-5.64126,-63.45319,Sao Paulo,Egypt,0,0,Major,Bird strike
EVT001862,2020-11-07T23:40:00,NorthernFlights,NO1702,Embraer 190,Turboprop,Mumbai,Cairo,55.26991,-159.34689,Beijing,Germany,3,1,Minor,Mid-air collision
EVT001863,2020-01-02T18:06:00,GlobalAir,GL8749,Airbus A320,Jet,London,Sydney,-29.03038,-28.26401,Berlin,UK,0,0,Major,Pilot error
EVT001864,2020-03-21T09:43:00,IslandAir,IS764,Boeing 737,Jet,Cairo,Toronto,5.333,-120.82081,Berlin,Canada,0,0,Hull Loss,Mid-air collision
EVT001865,2017-09-01T04:28:00,AeroExpress,AE4704,Boeing 737,Jet,Sydney,Sao Paulo,-40.56714,-175.62161,Paris,China,0,0,Unknown,Unknown
EVT001866,2015-04-10T21:59:00,IslandAir,IS5345,Airbus A330,Jet,Paris,Toronto,-52.61288,-135.30454,Toronto,India,0,0,Major,Bird strike
EVT001867,2020-07-01T03:17:00,NorthernFlights,NO5403,Airbus A320,Jet,Sao Paulo,Berlin,-22.24858,83.73364,Beijing,Egypt,0,0,Major,Unknown
EVT001868,2017-04-03T03:19:00,TransContinental,TR696,Embraer 190,Turboprop,London,Sao Paulo,4.73445,45.81973,Berlin,France,0,0,Unknown,Runway excursion
EVT001869,2020-10-03T21:27:00,GlobalAir,GL3394,Bombardier Q400,Turboprop,Toronto,Berlin,-51.42495,88.29779,Beijing,Egypt,4,1,Major,Pilot error
EVT001870,2018-06-26T23:27:00,AeroExpress,AE6415,Embraer 190,Turboprop,Mumbai,Cairo,-46.38995,65.58424,Toronto,India,0,0,Unknown,Weather
EVT001871,2016-02-14T03:43:00,NorthernFlights,NO5189,Boeing 747,Jet,Mumbai,Sao Paulo,11.63228,179.33572,New York,India,0,0,Major,Engine failure
EVT001872,2020-09-24T05:02:00,AeroExpress,AE8991,Embraer 190,Turboprop,Sao Paulo,Cairo,36.25107,122.64926,Beijing,China,0,0,Minor,Engine failure
EVT001873,2016-06-28T12:51:00,NorthernFlights,NO9052,Boeing 747,Jet,Sao Paulo,Toronto,17.75073,-168.46069,Toronto,Egypt,0,0,Hull Loss,Runway excursion
EVT001874,2016-10-21T16:09:00,SkyWays,SK293,Boeing 747,Jet,Toronto,Paris,26.19244,32.53332,Beijing,UK,0,1,Minor,Mid-air collision
EVT001875,2016-06-26T04:18:00,SkyWays,SK7458,Boeing 747,Jet,Sydney,Cairo,-52.12402,129.79141,Sao Paulo,Canada,1,3,Major,Unknown
EVT001876,2016-10-10T18:53:00,TransContinental,TR4631,Airbus A320,Jet,Beijing,Sao Paulo,-42.27587,-37.31786,Berlin,Canada,0,0,Unknown,Weather
EVT001877,2015-06-11T10:04:00,NorthernFlights,NO4352,Boeing 747,Jet,Sydney,Cairo,55.21138,-141.96396,Beijing,Germany,0,0,Unknown,Mid-air collision
EVT001878,2020-03-13T15:06:00,NorthernFlights,NO3697,Airbus A320,Jet,London,Sao Paulo,-24.13519,179.42855,Sydney,USA,0,0,Minor,Bird strike
EVT001879,2015-12-05T00:49:00,AeroExpress,AE2157,Airbus A330,Jet,Beijing,London,-28.33229,49.80559,London,France,0,0,Unknown,Bird strike
EVT001880,2015-05-07T15:44:00,AeroExpress,AE9145,Airbus A330,Jet,London,Beijing,0.53336,-50.08047,London,Canada,0,0,Unknown,Engine failure
EVT001881,2018-10-25T14:32:00,SkyWays,SK2684,Airbus A320,Jet,Beijing,Sydney,-41.7486,124.50726,Mumbai,Australia,1,0,Minor,Pilot error
EVT001882,2019-06-16T06:49:00,AeroExpress,AE8027,Airbus A320,Jet,Cairo,Berlin,-52.87798,21.34217,Toronto,China,0,2,Major,Engine failure
EVT001883,2016-10-18T02:30:00,AeroExpress,AE6942,Embraer 190,Turboprop,Berlin,Paris,-29.55136,75.42171,Paris,Egypt,0,0,Hull Loss,Runway excursion
EVT001884,2015-02-20T18:09:00,SkyWays,SK1215,Airbus A320,Jet,Sydney,Beijing,33.02371,-63.45651,Beijing,Brazil,1,1,Hull Loss,Engine failure
EVT001885,2015-02-13T10:09:00,GlobalAir,GL1072,Boeing 737,Jet,Cairo,Berlin,-19.58908,-9.21226,Beijing,Canada,0,0,Unknown,Weather
EVT001886,2017-06-30T15:55:00,IslandAir,IS4426,Boeing 737,Jet,Beijing,Sydney,36.24701,-171.75966,Berlin,India,0,0,Hull Loss,Pilot error
EVT001887,2020-06-16T22:03:00,IslandAir,IS8809,Boeing 747,Jet,New York,Paris,45.62959,-88.27158,London,UK,0,0,Hull Loss,Engine failure
EVT001888,2016-10-18T04:28:00,TransContinental,TR3146,Airbus A330,Jet,Berlin,Cairo,44.57656,-136.11834,Cairo,Canada,0,0,Unknown,Pilot error
EVT001889,2016-09-05T04:25:00,AeroExpress,AE1890,Airbus A320,Jet,Berlin,Sydney,53.38371,-103.31854,London,Egypt,3,0,Major,Bird strike
EVT001890,2018-09-27T12:18:00,SkyWays,SK2243,Embraer 190,Turboprop,Mumbai,Berlin,-33.34457,-67.59276,Toronto,Egypt,0,0,Hull Loss,Engine failure
EVT001891,2020-08-31T01:48:00,IslandAir,IS988,Boeing 737,Jet,Sydney,Paris,18.34327,-91.25398,London,China,0,0,Major,Unknown
EVT001892,2018-06-12T19:10:00,SkyWays,SK5366,Bombardier Q400,Turboprop,Toronto,Sydney,57.08712,-165.57857,New York,Canada,0,0,Minor,Bird strike
EVT001893,2017-01-02T09:37:00,TransContinental,TR3386,Bombardier Q400,Turboprop,Mumbai,London,20.24874,74.16803,Beijing,Australia,3,1,Minor,Bird strike
EVT001894,2015-11-23T14:15:00,NorthernFlights,NO1990,Boeing 737,Jet,Sao Paulo,Toronto,-57.00076,56.19421,Paris,Canada,0,0,Unknown,Engine failure
EVT001895,2019-08-20T14:52:00,GlobalAir,GL9321,Boeing 737,Jet,Sao Paulo,Berlin,11.27878,112.67114,Paris,India,0,0,Unknown,Unknown
EVT001896,2016-05-28T23:05:00,GlobalAir,GL4066,Boeing 747,Jet,Sydney,New York,55.83129,117.39331,Paris,Germany,0,0,Minor,Unknown
EVT001897,2017-12-29T10:25:00,SkyWays,SK8367,Airbus A320,Jet,Sao Paulo,Sydney,-7.25015,-129.25156,Sydney,Germany,0,0,Hull Loss,Bird strike
EVT001898,2018-03-24T11:03:00,AeroExpress,AE6321,Embraer 190,Turboprop,Cairo,Sao Paulo,-45.21998,70.42935,Sydney,USA,0,0,Hull Loss,Engine failure
EVT001899,2019-04-19T23:39:00,SkyWays,SK2139,Bombardier Q400,Turboprop,Mumbai,New York,54.23666,69.90158,Sao Paulo,France,0,0,Minor,Engine failure
EVT001900,2017-09-12T02:21:00,IslandAir,IS3189,Bombardier Q400,Turboprop,Toronto,Berlin,43.24193,-17.49105,Sao Paulo,Germany,0,0,Unknown,Mid-air collision
EVT001901,2017-01-01T03:44:00,SkyWays,SK2702,Airbus A320,Jet,Beijing,Sao Paulo,-34.42065,147.72059,Mumbai,UK,0,0,Unknown,Weather
EVT001902,2017-12-12T05:58:00,IslandAir,IS9916,Bombardier Q400,Turboprop,Sydney,Sao Paulo,-30.79493,157.76324,London,Egypt,0,0,Hull Loss,Bird strike
EVT001903,2018-09-26T02:30:00,GlobalAir,GL5231,Embraer 190,Turboprop,Paris,London,-31.77799,-18.26392,Berlin,Germany,4,2,Minor,Weather
EVT001904,2018-12-29T17:13:00,AeroExpress,AE9089,Boeing 737,Jet,Paris,Cairo,-42.19243,57.4334,Toronto,USA,0,0,Major,Engine failure
EVT001905,2016-12-01T02:14:00,NorthernFlights,NO2537,Airbus A330,Jet,Paris,Sao Paulo,12.0087,-162.29184,London,Canada,3,1,Hull Loss,Weather
EVT001906,2016-08-19T10:26:00,AeroExpress,AE1665,Boeing 747,Jet,Sao Paulo,New York,-57.29525,104.78235,Mumbai,India,0,0,Unknown,Engine failure
EVT001907,2016-08-30T03:16:00,NorthernFlights,NO3872,Bombardier Q400,Turboprop,Mumbai,Sao Paulo,-34.6603,76.35732,London,Egypt,0,0,Minor,Mid-air collision
EVT001908,2020-12-08T13:30:00,AeroExpress,AE6182,Airbus A320,Jet,Toronto,London,38.45664,129.04984,Berlin,UK,6,0,Unknown,Unknown
EVT001909,2020-11-15T09:18:00,NorthernFlights,NO5402,Boeing 747,Jet,Beijing,London,-14.00045,26.16205,Beijing,France,0,0,Major,Weather
EVT001910,2015-03-18T21:21:00,GlobalAir,GL2036,Airbus A320,Jet,Mumbai,Sao Paulo,6.32342,113.58942,Mumbai,China,3,1,Unknown,Weather
EVT001911,2018-06-12T10:33:00,NorthernFlights,NO3471,Bombardier Q400,Turboprop,Berlin,Beijing,-38.41646,171.55853,Toronto,Germany,0,0,Minor,Engine failure
EVT001912,2015-02-14T01:46:00,GlobalAir,GL590,Bombardier Q400,Turboprop,Cairo,Sydney,48.49376,-110.92683,Sydney,Germany,0,0,Major,Mid-air collision
EVT001913,2016-09-29T09:54:00,GlobalAir,GL9438,Airbus A330,Jet,Sao Paulo,New York,-29.19543,-127.31154,London,China,0,0,Unknown,Engine failure
EVT001914,2015-08-15T09:02:00,IslandAir,IS1984,Airbus A320,Jet,London,Paris,30.46365,128.31737,Sao Paulo,Brazil,0,0,Hull Loss,Mid-air collision
EVT001915,2015-11-19T11:51:00,NorthernFlights,NO5897,Airbus A330,Jet,Paris,London,56.97563,-137.83352,Berlin,UK,0,0,Minor,Bird strike
EVT001916,2018-11-15T16:53:00,GlobalAir,GL8253,Embraer 190,Turboprop,Cairo,Sao Paulo,48.12655,-36.53053,Toronto,India,0,0,Hull Loss,Mid-air collision
EVT001917,2015-10-17T11:53:00,SkyWays,SK5159,Airbus A330,Jet,New York,Toronto,56.87874,130.46069,London,Canada,0,0,Hull Loss,Runway excursion
EVT001918,2020-02-25T13:29:00,GlobalAir,GL5367,Boeing 737,Jet,Beijing,Toronto,-10.83213,-136.07104,Sao Paulo,Canada,0,0,Minor,Bird strike
EVT001919,2015-06-20T00:41:00,IslandAir,IS4634,Embraer 190,Turboprop,Toronto,Berlin,-29.94678,80.72083,Mumbai,China,0,0,Major,Pilot error
EVT001920,2018-02-27T23:53:00,AeroExpress,AE8907,Bombardier Q400,Turboprop,Sao Paulo,Sydney,-6.03924,-174.82719,Toronto,France,0,0,Hull Loss,Engine failure
EVT001921,2015-08-17T09:32:00,TransContinental,TR3190,Boeing 747,Jet,Mumbai,New York,-38.91341,69.75713,Beijing,India,0,0,Hull Loss,Unknown
EVT001922,2016-02-08T03:36:00,IslandAir,IS8035,Bombardier Q400,Turboprop,New York,Cairo,18.90281,80.5287,Paris,Australia,0,0,Hull Loss,Mid-air collision
EVT001923,2017-10-09T08:09:00,IslandAir,IS8641,Boeing 747,Jet,Toronto,Paris,-24.6265,-0.69314,Sao Paulo,Canada,0,0,Hull Loss,Weather
EVT001924,2016-09-14T14:02:00,TransContinental,TR5606,Bombardier Q400,Turboprop,Beijing,London,11.41559,-130.20638,New York,Canada,0,0,Major,Unknown
EVT001925,2020-06-26T04:58:00,AeroExpress,AE4742,Airbus A330,Jet,Paris,Sydney,-43.68789,-155.59743,Beijing,Australia,0,0,Minor,Mid-air collision
EVT001926,2020-10-23T06:04:00,SkyWays,SK1313,Airbus A330,Jet,Paris,Berlin,-16.8399,-125.2537,Sao Paulo,Canada,0,0,Unknown,Mid-air collision
EVT001927,2016-04-04T07:20:00,NorthernFlights,NO1976,Boeing 737,Jet,Berlin,New York,-14.58043,-169.1316,Sydney,UK,0,0,Minor,Pilot error
EVT001928,2020-10-11T08:22:00,IslandAir,IS4685,Embraer 190,Turboprop,Beijing,Berlin,-18.36209,83.35593,Sao Paulo,Germany,0,0,Unknown,Runway excursion
EVT001929,2017-05-05T10:52:00,IslandAir,IS1998,Airbus A320,Jet,Paris,Berlin,47.28037,24.02703,Beijing,UK,0,0,Unknown,Unknown
EVT001930,2015-02-22T12:08:00,NorthernFlights,NO5122,Embraer 190,Turboprop,Toronto,Paris,-0.39164,140.78526,Toronto,Australia,3,1,Hull Loss,Unknown
EVT001931,2020-02-26T00:18:00,IslandAir,IS9047,Boeing 747,Jet,Mumbai,Sydney,-27.9629,-38.72603,Toronto,China,0,2,Major,Bird strike
EVT001932,2018-01-28T20:40:00,AeroExpress,AE9407,Bombardier Q400,Turboprop,Cairo,Toronto,-37.21511,86.81197,Cairo,UK,0,2,Major,Pilot error
EVT001933,2015-08-02T11:49:00,TransContinental,TR4462,Airbus A320,Jet,Mumbai,Sao Paulo,-57.5394,50.20576,Beijing,Australia,0,0,Minor,Bird strike
EVT001934,2018-04-22T10:04:00,GlobalAir,GL5206,Airbus A330,Jet,Toronto,Sydney,-29.62849,147.82459,Sao Paulo,Brazil,0,0,Unknown,Pilot error
EVT001935,2016-11-04T13:11:00,SkyWays,SK2351,Bombardier Q400,Turboprop,Berlin,New York,46.94323,7.01472,London,UK,0,0,Major,Pilot error
EVT001936,2019-03-14T19:45:00,AeroExpress,AE1961,Boeing 737,Jet,Beijing,Sydney,14.12578,-9.9476,Mumbai,Canada,0,0,Unknown,Pilot error
EVT001937,2017-07-29T05:26:00,TransContinental,TR1456,Boeing 737,Jet,Berlin,Paris,46.75347,-92.01052,Mumbai,Egypt,0,0,Unknown,Weather
EVT001938,2016-06-03T05:34:00,SkyWays,SK9265,Bombardier Q400,Turboprop,New York,Paris,47.76138,113.04789,Paris,China,0,0,Minor,Bird strike
EVT001939,2015-10-03T14:24:00,IslandAir,IS5115,Boeing 747,Jet,Sao Paulo,Beijing,55.59446,-79.92565,Sao Paulo,India,0,0,Minor,Bird strike
EVT001940,2016-07-22T02:31:00,IslandAir,IS2015,Airbus A330,Jet,Sao Paulo,Mumbai,-11.90457,164.42643,Beijing,China,0,0,Hull Loss,Unknown
EVT001941,2016-03-04T11:05:00,AeroExpress,AE1126,Airbus A330,Jet,London,Cairo,-40.61558,156.70373,Cairo,Egypt,0,0,Unknown,Engine failure
EVT001942,2016-06-15T13:18:00,TransContinental,TR4097,Boeing 737,Jet,Toronto,Beijing,-27.81513,-160.19475,Toronto,Egypt,0,0,Major,Weather
EVT001943,2015-12-04T16:07:00,AeroExpress,AE9821,Embraer 190,Turboprop,Paris,Mumbai,9.86701,-59.36797,Beijing,Germany,0,0,Major,Mid-air collision
EVT001944,2017-11-26T06:56:00,NorthernFlights,NO9281,Bombardier Q400,Turboprop,Beijing,Berlin,-31.62861,-31.80273,New York,Brazil,0,0,Major,Engine failure
EVT001945,2015-02-21T10:17:00,AeroExpress,AE3367,Boeing 737,Jet,Paris,London,-11.48065,141.77177,London,Australia,0,0,Hull Loss,Engine failure
EVT001946,2016-11-08T18:03:00,NorthernFlights,NO7516,Embraer 190,Turboprop,Sydney,Cairo,-40.34396,-59.69247,Beijing,Canada,0,0,Minor,Mid-air collision
EVT001947,2015-08-27T14:01:00,AeroExpress,AE125,Airbus A320,Jet,Paris,Beijing,56.12675,146.34371,Cairo,Germany,0,0,Unknown,Engine failure
EVT001948,2019-12-17T17:34:00,TransContinental,TR4363,Boeing 747,Jet,London,Toronto,-44.30004,-33.36659,Paris,India,0,2,Minor,Pilot error
EVT001949,2018-08-09T23:50:00,IslandAir,IS4703,Airbus A330,Jet,Sydney,New York,27.01125,-91.03129,New York,Australia,0,0,Hull Loss,Bird strike
EVT001950,2015-03-04T21:54:00,GlobalAir,GL3202,Boeing 737,Jet,New York,Sao Paulo,-14.68752,-100.58237,London,Germany,0,0,Major,Unknown
EVT001951,2020-06-21T08:13:00,AeroExpress,AE9469,Boeing 747,Jet,Cairo,Berlin,-22.81038,-91.25373,Cairo,France,0,0,Unknown,Engine failure
EVT001952,2020-04-17T03:40:00,SkyWays,SK5657,Airbus A320,Jet,New York,Berlin,53.69487,-6.20299,Beijing,USA,0,0,Minor,Runway excursion
EVT001953,2016-10-29T14:18:00,TransContinental,TR7001,Bombardier Q400,Turboprop,Sydney,Cairo,-39.87516,-114.99271,Toronto,Germany,2,2,Major,Mid-air collision
EVT001954,2017-09-22T18:56:00,TransContinental,TR1405,Airbus A330,Jet,Mumbai,Paris,-4.38295,-51.67241,New York,Egypt,4,4,Unknown,Engine failure
EVT001955,2016-02-01T06:15:00,NorthernFlights,NO3321,Airbus A320,Jet,Beijing,Toronto,34.35023,80.41951,Beijing,Brazil,0,0,Hull Loss,Pilot error
EVT001956,2020-07-31T01:30:00,IslandAir,IS5369,Embraer 190,Turboprop,London,Toronto,-45.47256,77.43982,Berlin,India,0,0,Hull Loss,Engine failure
EVT001957,2020-08-26T10:28:00,SkyWays,SK7227,Airbus A320,Jet,Mumbai,Sao Paulo,-20.45538,55.1615,New York,Brazil,3,1,Major,Mid-air collision
EVT001958,2018-12-07T14:15:00,NorthernFlights,NO4179,Embraer 190,Turboprop,Cairo,Toronto,26.62272,114.62633,Beijing,Brazil,0,0,Unknown,Weather
EVT001959,2015-10-11T21:01:00,TransContinental,TR5939,Airbus A320,Jet,Toronto,New York,59.61842,-102.41897,Mumbai,USA,2,1,Hull Loss,Mid-air collision
EVT001960,2016-10-11T18:57:00,TransContinental,TR2006,Bombardier Q400,Turboprop,Berlin,Cairo,-39.21309,-163.28645,Sydney,Australia,4,1,Minor,Pilot error
EVT001961,2016-06-25T21:39:00,IslandAir,IS1002,Embraer 190,Turboprop,London,Beijing,46.52137,110.13393,London,Germany,2,2,Unknown,Pilot error
EVT001962,2017-11-15T01:27:00,SkyWays,SK1767,Bombardier Q400,Turboprop,Toronto,Cairo,-24.4969,69.82022,New York,France,1,0,Hull Loss,Engine failure
EVT001963,2017-12-17T18:30:00,AeroExpress,AE1279,Airbus A320,Jet,Paris,Mumbai,-8.75588,164.023,Berlin,Brazil,0,0,Minor,Unknown
EVT001964,2016-05-13T10:57:00,NorthernFlights,NO8595,Embraer 190,Turboprop,London,Toronto,-26.67633,154.13481,Toronto,USA,0,0,Major,Pilot error
EVT001965,2019-02-28T21:16:00,TransContinental,TR8154,Airbus A320,Jet,Sao Paulo,Cairo,59.78692,-57.15228,Beijing,Canada,0,0,Minor,Engine failure
EVT001966,2017-07-27T08:08:00,SkyWays,SK5121,Boeing 747,Jet,Sao Paulo,London,-57.04493,-138.23642,Sydney,France,0,0,Minor,Bird strike
EVT001967,2015-11-27T18:24:00,NorthernFlights,NO465,Airbus A320,Jet,Paris,London,-13.43473,163.00652,New York,UK,0,0,Hull Loss,Mid-air collision
EVT001968,2017-03-18T19:51:00,SkyWays,SK5362,Airbus A320,Jet,Toronto,Paris,-24.10659,-92.00117,Toronto,Egypt,0,0,Minor,Runway excursion
EVT001969,2015-11-03T10:54:00,AeroExpress,AE3128,Embraer 190,Turboprop,New York,Toronto,3.4876,29.4545,Paris,France,0,0,Major,Runway excursion
EVT001970,2019-11-22T23:28:00,SkyWays,SK7955,Airbus A330,Jet,Cairo,Mumbai,-6.26677,-52.81289,Toronto,China,0,0,Major,Unknown
EVT001971,2019-04-15T16:46:00,SkyWays,SK697,Airbus A330,Jet,Beijing,Berlin,59.36505,-138.31403,Sao Paulo,France,0,0,Unknown,Unknown
EVT001972,2020-08-22T05:51:00,GlobalAir,GL6476,Airbus A330,Jet,Paris,Beijing,-20.64934,-47.92123,Berlin,UK,0,0,Minor,Mid-air collision
EVT001973,2015-04-14T14:32:00,NorthernFlights,NO2643,Airbus A320,Jet,Berlin,Paris,12.73828,54.22431,Sydney,Brazil,0,0,Major,Unknown
EVT001974,2019-09-30T06:18:00,IslandAir,IS2580,Embraer 190,Turboprop,Beijing,Paris,-43.10656,113.91429,London,Canada,0,0,Minor,Bird strike
EVT001975,2016-11-02T03:26:00,NorthernFlights,NO3682,Boeing 747,Jet,Paris,New York,16.35297,48.77725,Cairo,Australia,0,0,Major,Pilot error
EVT001976,2019-09-07T22:45:00,GlobalAir,GL524,Embraer 190,Turboprop,Sao Paulo,Paris,50.67067,-166.41411,Sydney,China,0,0,Major,Runway excursion
EVT001977,2019-01-28T20:03:00,SkyWays,SK2669,Airbus A330,Jet,Toronto,Paris,-33.23263,91.92237,Berlin,USA,0,0,Minor,Runway excursion
EVT001978,2017-04-06T02:43:00,NorthernFlights,NO6752,Embraer 190,Turboprop,Cairo,Paris,-50.93656,-47.56841,Berlin,Brazil,0,0,Minor,Pilot error
EVT001979,2018-11-06T14:29:00,SkyWays,SK8569,Embraer 190,Turboprop,Mumbai,Sao Paulo,-41.62222,103.02998,Paris,Brazil,0,0,Unknown,Engine failure
EVT001980,2015-09-26T08:04:00,GlobalAir,GL5672,Bombardier Q400,Turboprop,Berlin,Sydney,-52.19192,-44.38821,Cairo,USA,0,0,Minor,Runway excursion
EVT001981,2018-11-09T10:46:00,IslandAir,IS7671,Embraer 190,Turboprop,Beijing,Paris,3.47004,111.54194,Paris,Germany,0,0,Minor,Pilot error
EVT001982,2017-02-10T21:17:00,SkyWays,SK665,Bombardier Q400,Turboprop,London,Berlin,-45.52125,-25.83634,Mumbai,France,0,0,Major,Pilot error
EVT001983,2019-08-31T05:56:00,TransContinental,TR9845,Airbus A320,Jet,Toronto,London,-44.5522,76.75533,Cairo,Australia,6,2,Minor,Unknown
EVT001984,2017-11-29T14:09:00,IslandAir,IS5096,Airbus A330,Jet,Toronto,Mumbai,-44.37968,105.4157,Beijing,Brazil,0,0,Unknown,Mid-air collision
EVT001985,2019-01-01T18:47:00,AeroExpress,AE8835,Bombardier Q400,Turboprop,Beijing,Sydney,-39.69254,111.16107,Beijing,Australia,0,0,Major,Weather
EVT001986,2020-03-09T06:53:00,AeroExpress,AE3919,Boeing 737,Jet,Cairo,Paris,18.0062,134.14273,Cairo,China,0,0,Minor,Unknown
EVT001987,2016-08-08T21:40:00,SkyWays,SK2082,Airbus A320,Jet,Sydney,Cairo,-13.85967,-96.67828,Toronto,Egypt,0,0,Minor,Mid-air collision
EVT001988,2019-07-29T03:22:00,AeroExpress,AE3786,Bombardier Q400,Turboprop,London,Toronto,0.52931,-35.55179,Toronto,Egypt,0,1,Major,Unknown
EVT001989,2017-06-12T00:13:00,SkyWays,SK3254,Bombardier Q400,Turboprop,Paris,London,-59.00196,156.19172,Toronto,Canada,0,0,Hull Loss,Weather
EVT001990,2017-05-09T19:08:00,AeroExpress,AE2828,Embraer 190,Turboprop,Beijing,Toronto,56.87938,22.46412,Paris,UK,0,0,Hull Loss,Weather
EVT001991,2019-12-28T23:11:00,GlobalAir,GL8711,Embraer 190,Turboprop,London,Berlin,-9.66119,-53.70145,Toronto,UK,0,0,Major,Unknown
EVT001992,2018-12-18T06:13:00,GlobalAir,GL167,Airbus A320,Jet,Sydney,Mumbai,50.55387,-2.89237,Cairo,Brazil,0,0,Major,Pilot error
EVT001993,2016-05-21T09:06:00,GlobalAir,GL7914,Boeing 747,Jet,Cairo,Beijing,59.18278,115.75418,Beijing,Germany,0,0,Major,Unknown
EVT001994,2017-10-03T04:36:00,SkyWays,SK4579,Airbus A330,Jet,Sao Paulo,Toronto,-25.54831,-127.24638,Berlin,India,0,0,Unknown,Bird strike
EVT001995,2020-08-11T10:36:00,SkyWays,SK6630,Airbus A330,Jet,Sao Paulo,New York,-23.35531,-24.04185,London,Australia,0,0,Minor,Runway excursion
EVT001996,2017-02-04T04:31:00,GlobalAir,GL1800,Boeing 737,Jet,Beijing,Sao Paulo,-55.48458,-150.33441,Toronto,France,1,0,Hull Loss,Mid-air collision
EVT001997,2016-04-29T05:22:00,NorthernFlights,NO8598,Airbus A320,Jet,New York,Berlin,-54.64293,153.40396,Berlin,Australia,0,0,Unknown,Pilot error
EVT001998,2018-06-22T17:19:00,AeroExpress,AE3086,Airbus A320,Jet,New York,London,43.56067,-59.51841,Beijing,India,0,0,Minor,Engine failure
EVT001999,2019-09-25T21:23:00,TransContinental,TR2857,Embraer 190,Turboprop,Sydney,Paris,-54.78368,-131.53673,Beijing,France,0,0,Hull Loss,Pilot error
EVT002000,2017-08-29T14:32:00,AeroExpress,AE4210,Boeing 747,Jet,Mumbai,Berlin,-53.25963,146.39974,Cairo,UK,0,0,Minor,Engine failure
